CREATE DATABASE  IF NOT EXISTS `ermdbdev` /*!40100 DEFAULT CHARACTER SET utf8mb4 COLLATE utf8mb4_general_ci */ /*!80016 DEFAULT ENCRYPTION='N' */;
USE `ermdbdev`;
-- MySQL dump 10.13  Distrib 8.0.27, for Win64 (x86_64)
--
-- Host: localhost    Database: ermdbdev
-- ------------------------------------------------------
-- Server version	8.0.27

/*!40101 SET @OLD_CHARACTER_SET_CLIENT=@@CHARACTER_SET_CLIENT */;
/*!40101 SET @OLD_CHARACTER_SET_RESULTS=@@CHARACTER_SET_RESULTS */;
/*!40101 SET @OLD_COLLATION_CONNECTION=@@COLLATION_CONNECTION */;
/*!50503 SET NAMES utf8 */;
/*!40103 SET @OLD_TIME_ZONE=@@TIME_ZONE */;
/*!40103 SET TIME_ZONE='+00:00' */;
/*!40014 SET @OLD_UNIQUE_CHECKS=@@UNIQUE_CHECKS, UNIQUE_CHECKS=0 */;
/*!40014 SET @OLD_FOREIGN_KEY_CHECKS=@@FOREIGN_KEY_CHECKS, FOREIGN_KEY_CHECKS=0 */;
/*!40101 SET @OLD_SQL_MODE=@@SQL_MODE, SQL_MODE='NO_AUTO_VALUE_ON_ZERO' */;
/*!40111 SET @OLD_SQL_NOTES=@@SQL_NOTES, SQL_NOTES=0 */;

--
-- Table structure for table `company_master_department`
--

DROP TABLE IF EXISTS `company_master_department`;
/*!40101 SET @saved_cs_client     = @@character_set_client */;
/*!50503 SET character_set_client = utf8mb4 */;
CREATE TABLE `company_master_department` (
  `id_department_master` int NOT NULL AUTO_INCREMENT,
  `department_name` varchar(255) NOT NULL,
  `created_at` timestamp NOT NULL,
  `created_by` int NOT NULL,
  `updated_at` timestamp NOT NULL,
  `updated_by` int NOT NULL,
  `active` tinyint(1) DEFAULT NULL,
  PRIMARY KEY (`id_department_master`),
  UNIQUE KEY `department_name_UNIQUE` (`department_name`)
) ENGINE=InnoDB AUTO_INCREMENT=9 DEFAULT CHARSET=utf8mb4 COLLATE=utf8mb4_general_ci;
/*!40101 SET character_set_client = @saved_cs_client */;

--
-- Dumping data for table `company_master_department`
--

LOCK TABLES `company_master_department` WRITE;
/*!40000 ALTER TABLE `company_master_department` DISABLE KEYS */;
INSERT INTO `company_master_department` VALUES (1,'C Suite','1970-01-01 07:00:01',1,'2023-09-28 07:35:56',1,1),(2,'Non Team Member','1970-01-01 07:00:01',1,'2023-09-20 14:20:40',1,1);
/*!40000 ALTER TABLE `company_master_department` ENABLE KEYS */;
UNLOCK TABLES;

--
-- Table structure for table `company_master_job_types`
--

DROP TABLE IF EXISTS `company_master_job_types`;
/*!40101 SET @saved_cs_client     = @@character_set_client */;
/*!50503 SET character_set_client = utf8mb4 */;
CREATE TABLE `company_master_job_types` (
  `id_master_job_types` int NOT NULL AUTO_INCREMENT,
  `master_job_type_name` varchar(99) NOT NULL,
  `active_master_job_types` tinyint NOT NULL,
  PRIMARY KEY (`id_master_job_types`),
  UNIQUE KEY `idmaster_job_types_UNIQUE` (`id_master_job_types`)
) ENGINE=InnoDB AUTO_INCREMENT=7 DEFAULT CHARSET=utf8mb4 COLLATE=utf8mb4_general_ci;
/*!40101 SET character_set_client = @saved_cs_client */;

--
-- Dumping data for table `company_master_job_types`
--

LOCK TABLES `company_master_job_types` WRITE;
/*!40000 ALTER TABLE `company_master_job_types` DISABLE KEYS */;
INSERT INTO `company_master_job_types` VALUES (1,'Full Time',1),(2,'Part Time',1),(3,'Internship',1),(4,'Temporary',1),(5,'Sub Contractor',1),(6,'Other',1);
/*!40000 ALTER TABLE `company_master_job_types` ENABLE KEYS */;
UNLOCK TABLES;

--
-- Table structure for table `company_master_title`
--

DROP TABLE IF EXISTS `company_master_title`;
/*!40101 SET @saved_cs_client     = @@character_set_client */;
/*!50503 SET character_set_client = utf8mb4 */;
CREATE TABLE `company_master_title` (
  `id_master_title` int NOT NULL AUTO_INCREMENT,
  `title_name` varchar(255) NOT NULL,
  `id_department_master` int NOT NULL,
  `created_at` timestamp NOT NULL,
  `created_by` int NOT NULL,
  `updated_at` timestamp NOT NULL,
  `updated_by` int NOT NULL,
  `active` tinyint(1) NOT NULL,
  `reportsTo` int DEFAULT NULL,
  PRIMARY KEY (`id_master_title`),
  KEY `FK_department_id` (`id_department_master`),
  KEY `parent_idx` (`reportsTo`),
  CONSTRAINT `FK_department_id` FOREIGN KEY (`id_department_master`) REFERENCES `company_master_department` (`id_department_master`) ON DELETE RESTRICT ON UPDATE RESTRICT,
  CONSTRAINT `parent` FOREIGN KEY (`reportsTo`) REFERENCES `company_master_title` (`id_master_title`)
) ENGINE=InnoDB AUTO_INCREMENT=20 DEFAULT CHARSET=utf8mb4 COLLATE=utf8mb4_general_ci;
/*!40101 SET character_set_client = @saved_cs_client */;

--
-- Dumping data for table `company_master_title`
--

LOCK TABLES `company_master_title` WRITE;
/*!40000 ALTER TABLE `company_master_title` DISABLE KEYS */;
INSERT INTO `company_master_title` VALUES (1,'CEO',1,'1970-01-01 07:00:01',1,'2023-09-24 08:31:40',1,1,NULL),(2,'Job Seeker',2,'1970-01-01 07:00:01',1,'2023-09-20 11:05:59',1,1,1),(3,'CFO',1,'2021-11-12 14:37:17',1,'2023-09-28 07:14:47',1,1,NULL);
/*!40000 ALTER TABLE `company_master_title` ENABLE KEYS */;
UNLOCK TABLES;

--
-- Table structure for table `documents_company_provided`
--

DROP TABLE IF EXISTS `documents_company_provided`;
/*!40101 SET @saved_cs_client     = @@character_set_client */;
/*!50503 SET character_set_client = utf8mb4 */;
CREATE TABLE `documents_company_provided` (
  `id_2v_master_document_urls` int NOT NULL AUTO_INCREMENT,
  `documents_company_provided_url` varchar(999) NOT NULL,
  `id_2v_master_documents` int NOT NULL,
  `active` tinyint NOT NULL DEFAULT '1',
  PRIMARY KEY (`id_2v_master_document_urls`),
  UNIQUE KEY `id_2v_master_document_urls_UNIQUE` (`id_2v_master_document_urls`),
  KEY `a_idx` (`id_2v_master_documents`),
  CONSTRAINT `a` FOREIGN KEY (`id_2v_master_documents`) REFERENCES `documents_master_names` (`id_2v_master_document_names`)
) ENGINE=InnoDB AUTO_INCREMENT=17 DEFAULT CHARSET=utf8mb4 COLLATE=utf8mb4_general_ci;
/*!40101 SET character_set_client = @saved_cs_client */;

--
-- Dumping data for table `documents_company_provided`
--

LOCK TABLES `documents_company_provided` WRITE;
/*!40000 ALTER TABLE `documents_company_provided` DISABLE KEYS */;
INSERT INTO `documents_company_provided` VALUES (12,'THIS IS NDA URL',34,0),(13,'fff',35,1),(14,'fsfds',36,1),(15,'asdas',37,1),(16,'asdas',38,1);
/*!40000 ALTER TABLE `documents_company_provided` ENABLE KEYS */;
UNLOCK TABLES;

--
-- Table structure for table `documents_master_names`
--

DROP TABLE IF EXISTS `documents_master_names`;
/*!40101 SET @saved_cs_client     = @@character_set_client */;
/*!50503 SET character_set_client = utf8mb4 */;
CREATE TABLE `documents_master_names` (
  `id_2v_master_document_names` int NOT NULL AUTO_INCREMENT,
  `document_name` varchar(99) NOT NULL,
  `required_for_apply` tinyint NOT NULL DEFAULT '0',
  `required_for_onboard` tinyint NOT NULL DEFAULT '0',
  `required_for_post_onboard` tinyint NOT NULL DEFAULT '0',
  `active_documents_master_names` tinyint NOT NULL DEFAULT '1',
  `company_provided` tinyint NOT NULL,
  `documents_master_names_desc` longtext,
  `requiresSigning` tinyint DEFAULT NULL,
  `requiredForTitle` int DEFAULT NULL,
  PRIMARY KEY (`id_2v_master_document_names`),
  UNIQUE KEY `id_2v_master_documents_UNIQUE` (`id_2v_master_document_names`),
  KEY `requiredForTitle_idx` (`requiredForTitle`),
  CONSTRAINT `requiredForTitle` FOREIGN KEY (`requiredForTitle`) REFERENCES `company_master_title` (`id_master_title`)
) ENGINE=InnoDB AUTO_INCREMENT=39 DEFAULT CHARSET=utf8mb4 COLLATE=utf8mb4_general_ci;
/*!40101 SET character_set_client = @saved_cs_client */;

--
-- Dumping data for table `documents_master_names`
--

LOCK TABLES `documents_master_names` WRITE;
/*!40000 ALTER TABLE `documents_master_names` DISABLE KEYS */;
INSERT INTO `documents_master_names` VALUES (33,'Resume',1,0,0,1,0,NULL,0,NULL),(34,'NDA',1,0,0,1,1,NULL,0,1),(35,'NDA v2',0,0,1,1,1,NULL,1,3),(36,'NDA',1,0,0,1,1,NULL,1,1),(37,'aa',1,0,0,1,1,NULL,1,NULL),(38,'aa',1,0,0,1,1,NULL,1,NULL);
/*!40000 ALTER TABLE `documents_master_names` ENABLE KEYS */;
UNLOCK TABLES;

--
-- Table structure for table `documents_user_uploaded`
--

DROP TABLE IF EXISTS `documents_user_uploaded`;
/*!40101 SET @saved_cs_client     = @@character_set_client */;
/*!50503 SET character_set_client = utf8mb4 */;
CREATE TABLE `documents_user_uploaded` (
  `id_2v_document_urls` int NOT NULL AUTO_INCREMENT,
  `documents_user_uploaded_url` varchar(999) NOT NULL,
  `id_2v_master_document_names` int NOT NULL,
  `id_user` int NOT NULL,
  `approved` tinyint NOT NULL,
  `active_2v_user_uploaded_documents` tinyint NOT NULL,
  PRIMARY KEY (`id_2v_document_urls`),
  UNIQUE KEY `id_2v_document_urls_UNIQUE` (`id_2v_document_urls`),
  KEY `sss_idx` (`id_2v_master_document_names`),
  KEY `ff_idx` (`id_user`),
  CONSTRAINT `sdsdsd` FOREIGN KEY (`id_user`) REFERENCES `users` (`id_user`),
  CONSTRAINT `sss` FOREIGN KEY (`id_2v_master_document_names`) REFERENCES `documents_master_names` (`id_2v_master_document_names`)
) ENGINE=InnoDB AUTO_INCREMENT=17 DEFAULT CHARSET=utf8mb4 COLLATE=utf8mb4_general_ci COMMENT='active_2v_user_uploaded_documents';
/*!40101 SET character_set_client = @saved_cs_client */;

--
-- Dumping data for table `documents_user_uploaded`
--

LOCK TABLES `documents_user_uploaded` WRITE;
/*!40000 ALTER TABLE `documents_user_uploaded` DISABLE KEYS */;
/*!40000 ALTER TABLE `documents_user_uploaded` ENABLE KEYS */;
UNLOCK TABLES;

--
-- Temporary view structure for view `host_summary`
--

DROP TABLE IF EXISTS `host_summary`;
/*!50001 DROP VIEW IF EXISTS `host_summary`*/;
SET @saved_cs_client     = @@character_set_client;
/*!50503 SET character_set_client = utf8mb4 */;
/*!50001 CREATE VIEW `host_summary` AS SELECT 
 1 AS `host`,
 1 AS `statements`,
 1 AS `statement_latency`,
 1 AS `statement_avg_latency`,
 1 AS `table_scans`,
 1 AS `file_ios`,
 1 AS `file_io_latency`,
 1 AS `current_connections`,
 1 AS `total_connections`,
 1 AS `unique_users`,
 1 AS `current_memory`,
 1 AS `total_memory_allocated`*/;
SET character_set_client = @saved_cs_client;

--
-- Temporary view structure for view `host_summary_by_file_io`
--

DROP TABLE IF EXISTS `host_summary_by_file_io`;
/*!50001 DROP VIEW IF EXISTS `host_summary_by_file_io`*/;
SET @saved_cs_client     = @@character_set_client;
/*!50503 SET character_set_client = utf8mb4 */;
/*!50001 CREATE VIEW `host_summary_by_file_io` AS SELECT 
 1 AS `host`,
 1 AS `ios`,
 1 AS `io_latency`*/;
SET character_set_client = @saved_cs_client;

--
-- Temporary view structure for view `host_summary_by_file_io_type`
--

DROP TABLE IF EXISTS `host_summary_by_file_io_type`;
/*!50001 DROP VIEW IF EXISTS `host_summary_by_file_io_type`*/;
SET @saved_cs_client     = @@character_set_client;
/*!50503 SET character_set_client = utf8mb4 */;
/*!50001 CREATE VIEW `host_summary_by_file_io_type` AS SELECT 
 1 AS `host`,
 1 AS `event_name`,
 1 AS `total`,
 1 AS `total_latency`,
 1 AS `max_latency`*/;
SET character_set_client = @saved_cs_client;

--
-- Temporary view structure for view `host_summary_by_stages`
--

DROP TABLE IF EXISTS `host_summary_by_stages`;
/*!50001 DROP VIEW IF EXISTS `host_summary_by_stages`*/;
SET @saved_cs_client     = @@character_set_client;
/*!50503 SET character_set_client = utf8mb4 */;
/*!50001 CREATE VIEW `host_summary_by_stages` AS SELECT 
 1 AS `host`,
 1 AS `event_name`,
 1 AS `total`,
 1 AS `total_latency`,
 1 AS `avg_latency`*/;
SET character_set_client = @saved_cs_client;

--
-- Temporary view structure for view `host_summary_by_statement_latency`
--

DROP TABLE IF EXISTS `host_summary_by_statement_latency`;
/*!50001 DROP VIEW IF EXISTS `host_summary_by_statement_latency`*/;
SET @saved_cs_client     = @@character_set_client;
/*!50503 SET character_set_client = utf8mb4 */;
/*!50001 CREATE VIEW `host_summary_by_statement_latency` AS SELECT 
 1 AS `host`,
 1 AS `total`,
 1 AS `total_latency`,
 1 AS `max_latency`,
 1 AS `lock_latency`,
 1 AS `rows_sent`,
 1 AS `rows_examined`,
 1 AS `rows_affected`,
 1 AS `full_scans`*/;
SET character_set_client = @saved_cs_client;

--
-- Temporary view structure for view `host_summary_by_statement_type`
--

DROP TABLE IF EXISTS `host_summary_by_statement_type`;
/*!50001 DROP VIEW IF EXISTS `host_summary_by_statement_type`*/;
SET @saved_cs_client     = @@character_set_client;
/*!50503 SET character_set_client = utf8mb4 */;
/*!50001 CREATE VIEW `host_summary_by_statement_type` AS SELECT 
 1 AS `host`,
 1 AS `statement`,
 1 AS `total`,
 1 AS `total_latency`,
 1 AS `max_latency`,
 1 AS `lock_latency`,
 1 AS `rows_sent`,
 1 AS `rows_examined`,
 1 AS `rows_affected`,
 1 AS `full_scans`*/;
SET character_set_client = @saved_cs_client;

--
-- Temporary view structure for view `innodb_buffer_stats_by_schema`
--

DROP TABLE IF EXISTS `innodb_buffer_stats_by_schema`;
/*!50001 DROP VIEW IF EXISTS `innodb_buffer_stats_by_schema`*/;
SET @saved_cs_client     = @@character_set_client;
/*!50503 SET character_set_client = utf8mb4 */;
/*!50001 CREATE VIEW `innodb_buffer_stats_by_schema` AS SELECT 
 1 AS `object_schema`,
 1 AS `allocated`,
 1 AS `data`,
 1 AS `pages`,
 1 AS `pages_hashed`,
 1 AS `pages_old`,
 1 AS `rows_cached`*/;
SET character_set_client = @saved_cs_client;

--
-- Temporary view structure for view `innodb_buffer_stats_by_table`
--

DROP TABLE IF EXISTS `innodb_buffer_stats_by_table`;
/*!50001 DROP VIEW IF EXISTS `innodb_buffer_stats_by_table`*/;
SET @saved_cs_client     = @@character_set_client;
/*!50503 SET character_set_client = utf8mb4 */;
/*!50001 CREATE VIEW `innodb_buffer_stats_by_table` AS SELECT 
 1 AS `object_schema`,
 1 AS `object_name`,
 1 AS `allocated`,
 1 AS `data`,
 1 AS `pages`,
 1 AS `pages_hashed`,
 1 AS `pages_old`,
 1 AS `rows_cached`*/;
SET character_set_client = @saved_cs_client;

--
-- Temporary view structure for view `innodb_lock_waits`
--

DROP TABLE IF EXISTS `innodb_lock_waits`;
/*!50001 DROP VIEW IF EXISTS `innodb_lock_waits`*/;
SET @saved_cs_client     = @@character_set_client;
/*!50503 SET character_set_client = utf8mb4 */;
/*!50001 CREATE VIEW `innodb_lock_waits` AS SELECT 
 1 AS `wait_started`,
 1 AS `wait_age`,
 1 AS `wait_age_secs`,
 1 AS `locked_table`,
 1 AS `locked_table_schema`,
 1 AS `locked_table_name`,
 1 AS `locked_table_partition`,
 1 AS `locked_table_subpartition`,
 1 AS `locked_index`,
 1 AS `locked_type`,
 1 AS `waiting_trx_id`,
 1 AS `waiting_trx_started`,
 1 AS `waiting_trx_age`,
 1 AS `waiting_trx_rows_locked`,
 1 AS `waiting_trx_rows_modified`,
 1 AS `waiting_pid`,
 1 AS `waiting_query`,
 1 AS `waiting_lock_id`,
 1 AS `waiting_lock_mode`,
 1 AS `blocking_trx_id`,
 1 AS `blocking_pid`,
 1 AS `blocking_query`,
 1 AS `blocking_lock_id`,
 1 AS `blocking_lock_mode`,
 1 AS `blocking_trx_started`,
 1 AS `blocking_trx_age`,
 1 AS `blocking_trx_rows_locked`,
 1 AS `blocking_trx_rows_modified`,
 1 AS `sql_kill_blocking_query`,
 1 AS `sql_kill_blocking_connection`*/;
SET character_set_client = @saved_cs_client;

--
-- Temporary view structure for view `io_by_thread_by_latency`
--

DROP TABLE IF EXISTS `io_by_thread_by_latency`;
/*!50001 DROP VIEW IF EXISTS `io_by_thread_by_latency`*/;
SET @saved_cs_client     = @@character_set_client;
/*!50503 SET character_set_client = utf8mb4 */;
/*!50001 CREATE VIEW `io_by_thread_by_latency` AS SELECT 
 1 AS `user`,
 1 AS `total`,
 1 AS `total_latency`,
 1 AS `min_latency`,
 1 AS `avg_latency`,
 1 AS `max_latency`,
 1 AS `thread_id`,
 1 AS `processlist_id`*/;
SET character_set_client = @saved_cs_client;

--
-- Temporary view structure for view `io_global_by_file_by_bytes`
--

DROP TABLE IF EXISTS `io_global_by_file_by_bytes`;
/*!50001 DROP VIEW IF EXISTS `io_global_by_file_by_bytes`*/;
SET @saved_cs_client     = @@character_set_client;
/*!50503 SET character_set_client = utf8mb4 */;
/*!50001 CREATE VIEW `io_global_by_file_by_bytes` AS SELECT 
 1 AS `file`,
 1 AS `count_read`,
 1 AS `total_read`,
 1 AS `avg_read`,
 1 AS `count_write`,
 1 AS `total_written`,
 1 AS `avg_write`,
 1 AS `total`,
 1 AS `write_pct`*/;
SET character_set_client = @saved_cs_client;

--
-- Temporary view structure for view `io_global_by_file_by_latency`
--

DROP TABLE IF EXISTS `io_global_by_file_by_latency`;
/*!50001 DROP VIEW IF EXISTS `io_global_by_file_by_latency`*/;
SET @saved_cs_client     = @@character_set_client;
/*!50503 SET character_set_client = utf8mb4 */;
/*!50001 CREATE VIEW `io_global_by_file_by_latency` AS SELECT 
 1 AS `file`,
 1 AS `total`,
 1 AS `total_latency`,
 1 AS `count_read`,
 1 AS `read_latency`,
 1 AS `count_write`,
 1 AS `write_latency`,
 1 AS `count_misc`,
 1 AS `misc_latency`*/;
SET character_set_client = @saved_cs_client;

--
-- Temporary view structure for view `io_global_by_wait_by_bytes`
--

DROP TABLE IF EXISTS `io_global_by_wait_by_bytes`;
/*!50001 DROP VIEW IF EXISTS `io_global_by_wait_by_bytes`*/;
SET @saved_cs_client     = @@character_set_client;
/*!50503 SET character_set_client = utf8mb4 */;
/*!50001 CREATE VIEW `io_global_by_wait_by_bytes` AS SELECT 
 1 AS `event_name`,
 1 AS `total`,
 1 AS `total_latency`,
 1 AS `min_latency`,
 1 AS `avg_latency`,
 1 AS `max_latency`,
 1 AS `count_read`,
 1 AS `total_read`,
 1 AS `avg_read`,
 1 AS `count_write`,
 1 AS `total_written`,
 1 AS `avg_written`,
 1 AS `total_requested`*/;
SET character_set_client = @saved_cs_client;

--
-- Temporary view structure for view `io_global_by_wait_by_latency`
--

DROP TABLE IF EXISTS `io_global_by_wait_by_latency`;
/*!50001 DROP VIEW IF EXISTS `io_global_by_wait_by_latency`*/;
SET @saved_cs_client     = @@character_set_client;
/*!50503 SET character_set_client = utf8mb4 */;
/*!50001 CREATE VIEW `io_global_by_wait_by_latency` AS SELECT 
 1 AS `event_name`,
 1 AS `total`,
 1 AS `total_latency`,
 1 AS `avg_latency`,
 1 AS `max_latency`,
 1 AS `read_latency`,
 1 AS `write_latency`,
 1 AS `misc_latency`,
 1 AS `count_read`,
 1 AS `total_read`,
 1 AS `avg_read`,
 1 AS `count_write`,
 1 AS `total_written`,
 1 AS `avg_written`*/;
SET character_set_client = @saved_cs_client;

--
-- Table structure for table `job_posts`
--

DROP TABLE IF EXISTS `job_posts`;
/*!40101 SET @saved_cs_client     = @@character_set_client */;
/*!50503 SET character_set_client = utf8mb4 */;
CREATE TABLE `job_posts` (
  `id_job_posts` int NOT NULL AUTO_INCREMENT,
  `id_master_title` int NOT NULL,
  `start_date` datetime NOT NULL DEFAULT CURRENT_TIMESTAMP,
  `end_date` datetime NOT NULL,
  `vaccancy` int NOT NULL,
  `desc` longtext NOT NULL,
  `id_master_job_types` int NOT NULL,
  `status` varchar(20) NOT NULL,
  `min_salary` varchar(45) NOT NULL,
  `max_salary` varchar(45) NOT NULL,
  `exp_required` varchar(20) NOT NULL,
  `age` int DEFAULT NULL,
  `location` varchar(45) NOT NULL,
  `created_at` datetime NOT NULL DEFAULT CURRENT_TIMESTAMP,
  `created_by` int NOT NULL,
  `updated_by` int NOT NULL,
  `updated_at` datetime NOT NULL DEFAULT CURRENT_TIMESTAMP,
  `applications` int DEFAULT '0',
  `comp_id` int DEFAULT NULL,
  `required_doc_id_array` longtext,
  PRIMARY KEY (`id_job_posts`),
  KEY `dsdsads_idx` (`id_master_job_types`),
  CONSTRAINT `dsdsads` FOREIGN KEY (`id_master_job_types`) REFERENCES `company_master_job_types` (`id_master_job_types`)
) ENGINE=InnoDB AUTO_INCREMENT=40 DEFAULT CHARSET=utf8mb4 COLLATE=utf8mb4_general_ci COMMENT='i dont think applications and comp_id is in use. check, then remove';
/*!40101 SET character_set_client = @saved_cs_client */;

--
-- Dumping data for table `job_posts`
--

LOCK TABLES `job_posts` WRITE;
/*!40000 ALTER TABLE `job_posts` DISABLE KEYS */;
INSERT INTO `job_posts` VALUES (1,1,'2022-12-07 00:00:00','2022-12-07 00:00:00',11,'aaa',6,'Open','5000','100000','any',NULL,'Remote','2022-12-04 13:15:28',1,1,'2023-01-18 23:07:34',0,NULL,'1,5'),(2,2,'2022-12-08 00:00:00','2022-12-08 00:00:00',7,'bb',2,'Open','6','8','any',NULL,'Remote','2022-12-05 00:35:59',1,1,'2023-01-18 21:49:30',0,NULL,''),(37,2,'2022-12-08 00:00:00','2022-12-08 00:00:00',1,'1',3,'Open','1','1','1',NULL,'1','2022-12-08 16:31:32',1,1,'2022-12-08 16:31:32',0,NULL,NULL),(38,1,'2022-12-02 00:00:00','2022-12-21 00:00:00',3,'3',1,'Open','23','3','3',NULL,'3','2022-12-08 16:32:47',1,1,'2022-12-08 16:32:47',0,NULL,NULL),(39,2,'2022-12-09 00:00:00','2024-12-10 00:00:00',7777,'this is new 11',1,'Open','7777777777','777777','7777',NULL,'77777','2022-12-09 20:02:22',1,1,'2022-12-10 04:03:13',0,NULL,NULL);
/*!40000 ALTER TABLE `job_posts` ENABLE KEYS */;
UNLOCK TABLES;

--
-- Table structure for table `job_posts_applicantion_statuses`
--

DROP TABLE IF EXISTS `job_posts_applicantion_statuses`;
/*!40101 SET @saved_cs_client     = @@character_set_client */;
/*!50503 SET character_set_client = utf8mb4 */;
CREATE TABLE `job_posts_applicantion_statuses` (
  `id_applicantion_statuses` int NOT NULL AUTO_INCREMENT,
  `status_name` varchar(45) NOT NULL,
  `active_applicantion_statuses` tinyint NOT NULL,
  PRIMARY KEY (`id_applicantion_statuses`),
  UNIQUE KEY `id_applicantion_statuses_UNIQUE` (`id_applicantion_statuses`)
) ENGINE=InnoDB AUTO_INCREMENT=9 DEFAULT CHARSET=utf8mb4 COLLATE=utf8mb4_general_ci;
/*!40101 SET character_set_client = @saved_cs_client */;

--
-- Dumping data for table `job_posts_applicantion_statuses`
--

LOCK TABLES `job_posts_applicantion_statuses` WRITE;
/*!40000 ALTER TABLE `job_posts_applicantion_statuses` DISABLE KEYS */;
INSERT INTO `job_posts_applicantion_statuses` VALUES (1,'Applied',1),(2,'Interview Requested',1),(3,'Offered',1),(4,'Onboarded',1),(5,'Rejected',1),(6,'Retracted Application',1),(7,'Retracted Offer',1),(8,'Declined Offer',1);
/*!40000 ALTER TABLE `job_posts_applicantion_statuses` ENABLE KEYS */;
UNLOCK TABLES;

--
-- Table structure for table `job_posts_applications`
--

DROP TABLE IF EXISTS `job_posts_applications`;
/*!40101 SET @saved_cs_client     = @@character_set_client */;
/*!50503 SET character_set_client = utf8mb4 */;
CREATE TABLE `job_posts_applications` (
  `id_job_posts_application` int NOT NULL AUTO_INCREMENT,
  `message` varchar(400) DEFAULT NULL,
  `cv_name` varchar(500) DEFAULT NULL,
  `id_job_posts` int NOT NULL,
  `id_applicantion_statuses` int DEFAULT NULL,
  `id_user` varchar(45) NOT NULL,
  `applied_at` datetime DEFAULT CURRENT_TIMESTAMP,
  PRIMARY KEY (`id_job_posts_application`),
  UNIQUE KEY `id_UNIQUE` (`id_job_posts_application`)
) ENGINE=InnoDB AUTO_INCREMENT=17 DEFAULT CHARSET=utf8mb4 COLLATE=utf8mb4_general_ci;
/*!40101 SET character_set_client = @saved_cs_client */;

--
-- Dumping data for table `job_posts_applications`
--

LOCK TABLES `job_posts_applications` WRITE;
/*!40000 ALTER TABLE `job_posts_applications` DISABLE KEYS */;
INSERT INTO `job_posts_applications` VALUES (1,NULL,NULL,1,6,'1','2022-11-30 14:53:22'),(2,NULL,NULL,2,6,'1','2022-12-03 12:12:10'),(16,NULL,NULL,39,1,'1','2023-09-23 16:31:28');
/*!40000 ALTER TABLE `job_posts_applications` ENABLE KEYS */;
UNLOCK TABLES;

--
-- Table structure for table `job_posts_required_docs`
--

DROP TABLE IF EXISTS `job_posts_required_docs`;
/*!40101 SET @saved_cs_client     = @@character_set_client */;
/*!50503 SET character_set_client = utf8mb4 */;
CREATE TABLE `job_posts_required_docs` (
  `id_job_posts_required_docs` int NOT NULL,
  `id_job_posts` int NOT NULL,
  `id_2v_master_document_names` int NOT NULL,
  PRIMARY KEY (`id_job_posts_required_docs`)
) ENGINE=InnoDB DEFAULT CHARSET=utf8mb4 COLLATE=utf8mb4_general_ci COMMENT='not in use. descided not to use this. to reduce size of db rows';
/*!40101 SET character_set_client = @saved_cs_client */;

--
-- Dumping data for table `job_posts_required_docs`
--

LOCK TABLES `job_posts_required_docs` WRITE;
/*!40000 ALTER TABLE `job_posts_required_docs` DISABLE KEYS */;
/*!40000 ALTER TABLE `job_posts_required_docs` ENABLE KEYS */;
UNLOCK TABLES;

--
-- Temporary view structure for view `latest_file_io`
--

DROP TABLE IF EXISTS `latest_file_io`;
/*!50001 DROP VIEW IF EXISTS `latest_file_io`*/;
SET @saved_cs_client     = @@character_set_client;
/*!50503 SET character_set_client = utf8mb4 */;
/*!50001 CREATE VIEW `latest_file_io` AS SELECT 
 1 AS `thread`,
 1 AS `file`,
 1 AS `latency`,
 1 AS `operation`,
 1 AS `requested`*/;
SET character_set_client = @saved_cs_client;

--
-- Temporary view structure for view `memory_by_host_by_current_bytes`
--

DROP TABLE IF EXISTS `memory_by_host_by_current_bytes`;
/*!50001 DROP VIEW IF EXISTS `memory_by_host_by_current_bytes`*/;
SET @saved_cs_client     = @@character_set_client;
/*!50503 SET character_set_client = utf8mb4 */;
/*!50001 CREATE VIEW `memory_by_host_by_current_bytes` AS SELECT 
 1 AS `host`,
 1 AS `current_count_used`,
 1 AS `current_allocated`,
 1 AS `current_avg_alloc`,
 1 AS `current_max_alloc`,
 1 AS `total_allocated`*/;
SET character_set_client = @saved_cs_client;

--
-- Temporary view structure for view `memory_by_thread_by_current_bytes`
--

DROP TABLE IF EXISTS `memory_by_thread_by_current_bytes`;
/*!50001 DROP VIEW IF EXISTS `memory_by_thread_by_current_bytes`*/;
SET @saved_cs_client     = @@character_set_client;
/*!50503 SET character_set_client = utf8mb4 */;
/*!50001 CREATE VIEW `memory_by_thread_by_current_bytes` AS SELECT 
 1 AS `thread_id`,
 1 AS `user`,
 1 AS `current_count_used`,
 1 AS `current_allocated`,
 1 AS `current_avg_alloc`,
 1 AS `current_max_alloc`,
 1 AS `total_allocated`*/;
SET character_set_client = @saved_cs_client;

--
-- Temporary view structure for view `memory_by_user_by_current_bytes`
--

DROP TABLE IF EXISTS `memory_by_user_by_current_bytes`;
/*!50001 DROP VIEW IF EXISTS `memory_by_user_by_current_bytes`*/;
SET @saved_cs_client     = @@character_set_client;
/*!50503 SET character_set_client = utf8mb4 */;
/*!50001 CREATE VIEW `memory_by_user_by_current_bytes` AS SELECT 
 1 AS `user`,
 1 AS `current_count_used`,
 1 AS `current_allocated`,
 1 AS `current_avg_alloc`,
 1 AS `current_max_alloc`,
 1 AS `total_allocated`*/;
SET character_set_client = @saved_cs_client;

--
-- Temporary view structure for view `memory_global_by_current_bytes`
--

DROP TABLE IF EXISTS `memory_global_by_current_bytes`;
/*!50001 DROP VIEW IF EXISTS `memory_global_by_current_bytes`*/;
SET @saved_cs_client     = @@character_set_client;
/*!50503 SET character_set_client = utf8mb4 */;
/*!50001 CREATE VIEW `memory_global_by_current_bytes` AS SELECT 
 1 AS `event_name`,
 1 AS `current_count`,
 1 AS `current_alloc`,
 1 AS `current_avg_alloc`,
 1 AS `high_count`,
 1 AS `high_alloc`,
 1 AS `high_avg_alloc`*/;
SET character_set_client = @saved_cs_client;

--
-- Temporary view structure for view `memory_global_total`
--

DROP TABLE IF EXISTS `memory_global_total`;
/*!50001 DROP VIEW IF EXISTS `memory_global_total`*/;
SET @saved_cs_client     = @@character_set_client;
/*!50503 SET character_set_client = utf8mb4 */;
/*!50001 CREATE VIEW `memory_global_total` AS SELECT 
 1 AS `total_allocated`*/;
SET character_set_client = @saved_cs_client;

--
-- Temporary view structure for view `metrics`
--

DROP TABLE IF EXISTS `metrics`;
/*!50001 DROP VIEW IF EXISTS `metrics`*/;
SET @saved_cs_client     = @@character_set_client;
/*!50503 SET character_set_client = utf8mb4 */;
/*!50001 CREATE VIEW `metrics` AS SELECT 
 1 AS `Variable_name`,
 1 AS `Variable_value`,
 1 AS `Type`,
 1 AS `Enabled`*/;
SET character_set_client = @saved_cs_client;

--
-- Table structure for table `permissions_default`
--

DROP TABLE IF EXISTS `permissions_default`;
/*!40101 SET @saved_cs_client     = @@character_set_client */;
/*!50503 SET character_set_client = utf8mb4 */;
CREATE TABLE `permissions_default` (
  `default_permissions_id` int NOT NULL AUTO_INCREMENT,
  `permissions_master_id` int NOT NULL,
  `read` varchar(45) DEFAULT '0',
  `write` varchar(45) DEFAULT '0',
  `create` varchar(45) DEFAULT '0',
  `delete` varchar(45) DEFAULT '0',
  `import` varchar(45) DEFAULT '0',
  `export` varchar(45) DEFAULT '0',
  `id_master_title` int NOT NULL,
  PRIMARY KEY (`default_permissions_id`),
  UNIQUE KEY `default_permissions_id_UNIQUE` (`default_permissions_id`),
  KEY `roll_id_idx` (`id_master_title`),
  KEY `module_id_idx` (`permissions_master_id`),
  CONSTRAINT `module_id` FOREIGN KEY (`permissions_master_id`) REFERENCES `permissions_master` (`permissions_master_id`),
  CONSTRAINT `title_id` FOREIGN KEY (`id_master_title`) REFERENCES `company_master_title` (`id_master_title`)
) ENGINE=InnoDB AUTO_INCREMENT=25 DEFAULT CHARSET=utf8mb4 COLLATE=utf8mb4_general_ci;
/*!40101 SET character_set_client = @saved_cs_client */;

--
-- Dumping data for table `permissions_default`
--

LOCK TABLES `permissions_default` WRITE;
/*!40000 ALTER TABLE `permissions_default` DISABLE KEYS */;
INSERT INTO `permissions_default` VALUES (1,96,'1','0','0','0','0','0',1),(2,96,'1','0','0','0','0','0',3),(3,98,'1','0','0','0','0','0',1),(4,99,'1','0','0','0','0','0',1),(5,98,'1','0','0','0','0','0',3),(6,99,'1','0','0','0','0','0',3),(7,100,'1','0','0','0','0','0',1),(8,100,'1','0','0','0','0','0',3),(9,101,'1','0','0','0','0','0',1),(10,102,'1','0','0','0','0','0',1),(11,103,'1','0','0','0','0','0',1),(12,104,'1','0','0','0','0','0',1),(13,105,'1','0','0','0','0','0',1),(14,106,'1','0','0','0','0','0',1),(15,107,'1','0','0','0','0','0',1),(16,108,'1','0','0','0','0','0',1),(17,101,'1','0','0','0','0','0',3),(18,102,'1','0','0','0','0','0',3),(19,103,'1','0','0','0','0','0',3),(20,104,'1','0','0','0','0','0',3),(21,105,'1','0','0','0','0','0',3),(22,106,'1','0','0','0','0','0',3),(23,107,'1','0','0','0','0','0',3),(24,108,'1','0','0','0','0','0',3);
/*!40000 ALTER TABLE `permissions_default` ENABLE KEYS */;
UNLOCK TABLES;

--
-- Table structure for table `permissions_master`
--

DROP TABLE IF EXISTS `permissions_master`;
/*!40101 SET @saved_cs_client     = @@character_set_client */;
/*!50503 SET character_set_client = utf8mb4 */;
CREATE TABLE `permissions_master` (
  `permissions_master_id` int NOT NULL AUTO_INCREMENT,
  `name` varchar(255) NOT NULL,
  `type` varchar(100) NOT NULL,
  `is_active` tinyint(1) NOT NULL DEFAULT '1',
  `created_at` timestamp NOT NULL DEFAULT '1970-01-01 07:00:01',
  `created_by` int NOT NULL DEFAULT '1',
  `updated_at` timestamp NOT NULL DEFAULT '1970-01-01 07:00:01',
  `updated_by` int NOT NULL DEFAULT '1',
  `notes` varchar(150) DEFAULT NULL,
  `url` varchar(150) DEFAULT NULL,
  `active` varchar(45) DEFAULT '1',
  `comp_tag_id` varchar(45) DEFAULT NULL,
  PRIMARY KEY (`permissions_master_id`)
) ENGINE=InnoDB AUTO_INCREMENT=109 DEFAULT CHARSET=utf8mb4 COLLATE=utf8mb4_general_ci;
/*!40101 SET character_set_client = @saved_cs_client */;

--
-- Dumping data for table `permissions_master`
--

LOCK TABLES `permissions_master` WRITE;
/*!40000 ALTER TABLE `permissions_master` DISABLE KEYS */;
INSERT INTO `permissions_master` VALUES (96,'/access_admin/permissions_and_defaults','URL',1,'1970-01-01 07:00:01',1,'1970-01-01 07:00:01',1,'','/access_admin/permissions_and_defaults','1',''),(98,'/access_admin/titles','URL',1,'1970-01-01 07:00:01',1,'1970-01-01 07:00:01',1,'','/access_admin/titles','1',''),(99,'/access_admin/departments','URL',1,'1970-01-01 07:00:01',1,'2023-09-20 20:38:08',1,'','/access_admin/departments','1',''),(100,'/access_team_member/team_members_all','URL',1,'1970-01-01 07:00:01',1,'2023-09-22 03:41:07',1,'','/access_team_member/team-members-all','1',''),(101,'/access_admin/job-dashboard','URL',1,'1970-01-01 07:00:01',1,'1970-01-01 07:00:01',1,'','/access_admin/job-dashboard','1',''),(102,'/access_admin/job_post_manage','URL',1,'1970-01-01 07:00:01',1,'1970-01-01 07:00:01',1,'','/access_admin/job_post_manage','1',''),(103,'/access_admin/job_post_document_manage','URL',1,'1970-01-01 07:00:01',1,'1970-01-01 07:00:01',1,'','/access_admin/job_post_document_manage','1',''),(104,'/access_admin/job-applicants','URL',1,'1970-01-01 07:00:01',1,'1970-01-01 07:00:01',1,'','/access_admin/job-applicants','1',''),(105,'/access_admin/','URL',1,'1970-01-01 07:00:01',1,'2023-09-20 20:42:25',1,'','/access_admin/modal_testing','1',''),(106,'/access_admin/file_input','URL',1,'1970-01-01 07:00:01',1,'2023-09-20 20:43:02',1,'','/access_admin/file_input','1',''),(107,'/access_admin/r_doc_sign_setup','URL',1,'1970-01-01 07:00:01',1,'1970-01-01 07:00:01',1,'','/access_admin/r_doc_sign_setup','1',''),(108,'/access_admin/serverfiletransfer','URL',1,'1970-01-01 07:00:01',1,'1970-01-01 07:00:01',1,'','/access_admin/serverfiletransfer','1','');
/*!40000 ALTER TABLE `permissions_master` ENABLE KEYS */;
UNLOCK TABLES;

--
-- Table structure for table `permissions_users`
--

DROP TABLE IF EXISTS `permissions_users`;
/*!40101 SET @saved_cs_client     = @@character_set_client */;
/*!50503 SET character_set_client = utf8mb4 */;
CREATE TABLE `permissions_users` (
  `permissions_users_id` int NOT NULL AUTO_INCREMENT,
  `permissions_master_id` int NOT NULL,
  `id_user` int NOT NULL,
  `read` tinyint(1) NOT NULL DEFAULT '1',
  `write` tinyint(1) NOT NULL DEFAULT '1',
  `create` tinyint(1) NOT NULL DEFAULT '1',
  `delete` tinyint(1) NOT NULL DEFAULT '1',
  `import` tinyint(1) NOT NULL DEFAULT '1',
  `export` tinyint(1) NOT NULL DEFAULT '1',
  `is_active` tinyint(1) NOT NULL DEFAULT '1',
  `created_at` timestamp NOT NULL DEFAULT '1970-01-01 07:00:01',
  `created_by` int NOT NULL DEFAULT '1',
  `updated_at` timestamp NOT NULL DEFAULT '1970-01-01 07:00:01',
  `updated_by` int NOT NULL DEFAULT '1',
  PRIMARY KEY (`permissions_users_id`),
  UNIQUE KEY `id_UNIQUE` (`permissions_users_id`),
  KEY `FK_module_id` (`permissions_master_id`),
  CONSTRAINT `FK_module_id` FOREIGN KEY (`permissions_master_id`) REFERENCES `permissions_master` (`permissions_master_id`) ON DELETE CASCADE ON UPDATE CASCADE
) ENGINE=InnoDB AUTO_INCREMENT=85 DEFAULT CHARSET=utf8mb4 COLLATE=utf8mb4_general_ci;
/*!40101 SET character_set_client = @saved_cs_client */;

--
-- Dumping data for table `permissions_users`
--

LOCK TABLES `permissions_users` WRITE;
/*!40000 ALTER TABLE `permissions_users` DISABLE KEYS */;
INSERT INTO `permissions_users` VALUES (1,96,1,1,1,1,1,1,1,1,'1970-01-01 07:00:01',1,'1970-01-01 07:00:01',1),(2,98,1,1,1,1,1,1,1,1,'1970-01-01 07:00:01',1,'1970-01-01 07:00:01',1),(3,99,1,1,1,1,1,1,1,1,'1970-01-01 07:00:01',1,'1970-01-01 07:00:01',1),(4,100,1,1,1,1,1,1,1,1,'1970-01-01 07:00:01',1,'1970-01-01 07:00:01',1),(5,101,1,1,1,1,1,1,1,1,'1970-01-01 07:00:01',1,'1970-01-01 07:00:01',1),(6,102,1,1,1,1,1,1,1,1,'1970-01-01 07:00:01',1,'1970-01-01 07:00:01',1),(7,103,1,1,1,1,1,1,1,1,'1970-01-01 07:00:01',1,'1970-01-01 07:00:01',1),(8,104,1,1,1,1,1,1,1,1,'1970-01-01 07:00:01',1,'1970-01-01 07:00:01',1),(9,105,1,1,1,1,1,1,1,1,'1970-01-01 07:00:01',1,'1970-01-01 07:00:01',1),(10,106,1,1,1,1,1,1,1,1,'1970-01-01 07:00:01',1,'1970-01-01 07:00:01',1),(11,107,1,1,1,1,1,1,1,1,'1970-01-01 07:00:01',1,'1970-01-01 07:00:01',1),(12,108,1,1,1,1,1,1,1,1,'1970-01-01 07:00:01',1,'1970-01-01 07:00:01',1),(37,96,13,1,1,1,1,1,1,1,'1970-01-01 07:00:01',1,'1970-01-01 07:00:01',1),(38,98,13,1,1,1,1,1,1,1,'1970-01-01 07:00:01',1,'1970-01-01 07:00:01',1),(39,99,13,1,1,1,1,1,1,1,'1970-01-01 07:00:01',1,'1970-01-01 07:00:01',1),(40,100,13,1,1,1,1,1,1,1,'1970-01-01 07:00:01',1,'1970-01-01 07:00:01',1),(41,101,13,1,1,1,1,1,1,1,'1970-01-01 07:00:01',1,'1970-01-01 07:00:01',1),(42,102,13,1,1,1,1,1,1,1,'1970-01-01 07:00:01',1,'1970-01-01 07:00:01',1),(43,103,13,1,1,1,1,1,1,1,'1970-01-01 07:00:01',1,'1970-01-01 07:00:01',1),(44,104,13,1,1,1,1,1,1,1,'1970-01-01 07:00:01',1,'1970-01-01 07:00:01',1),(45,105,13,1,1,1,1,1,1,1,'1970-01-01 07:00:01',1,'1970-01-01 07:00:01',1),(46,106,13,1,1,1,1,1,1,1,'1970-01-01 07:00:01',1,'1970-01-01 07:00:01',1),(47,107,13,1,1,1,1,1,1,1,'1970-01-01 07:00:01',1,'1970-01-01 07:00:01',1),(48,108,13,1,1,1,1,1,1,1,'1970-01-01 07:00:01',1,'1970-01-01 07:00:01',1),(49,96,14,0,1,1,1,1,1,1,'1970-01-01 07:00:01',1,'1970-01-01 07:00:01',1),(50,98,14,0,1,1,1,1,1,1,'1970-01-01 07:00:01',1,'1970-01-01 07:00:01',1),(51,99,14,0,1,1,1,1,1,1,'1970-01-01 07:00:01',1,'1970-01-01 07:00:01',1),(52,100,14,0,1,1,1,1,1,1,'1970-01-01 07:00:01',1,'1970-01-01 07:00:01',1),(53,101,14,0,1,1,1,1,1,1,'1970-01-01 07:00:01',1,'1970-01-01 07:00:01',1),(54,102,14,0,1,1,1,1,1,1,'1970-01-01 07:00:01',1,'1970-01-01 07:00:01',1),(55,103,14,0,1,1,1,1,1,1,'1970-01-01 07:00:01',1,'1970-01-01 07:00:01',1),(56,104,14,0,1,1,1,1,1,1,'1970-01-01 07:00:01',1,'1970-01-01 07:00:01',1),(57,105,14,0,1,1,1,1,1,1,'1970-01-01 07:00:01',1,'1970-01-01 07:00:01',1),(58,106,14,0,1,1,1,1,1,1,'1970-01-01 07:00:01',1,'1970-01-01 07:00:01',1),(59,107,14,0,1,1,1,1,1,1,'1970-01-01 07:00:01',1,'1970-01-01 07:00:01',1),(60,108,14,0,1,1,1,1,1,1,'1970-01-01 07:00:01',1,'1970-01-01 07:00:01',1),(61,96,15,0,1,1,1,1,1,1,'1970-01-01 07:00:01',1,'1970-01-01 07:00:01',1),(62,98,15,0,1,1,1,1,1,1,'1970-01-01 07:00:01',1,'1970-01-01 07:00:01',1),(63,99,15,0,1,1,1,1,1,1,'1970-01-01 07:00:01',1,'1970-01-01 07:00:01',1),(64,100,15,0,1,1,1,1,1,1,'1970-01-01 07:00:01',1,'1970-01-01 07:00:01',1),(65,101,15,0,1,1,1,1,1,1,'1970-01-01 07:00:01',1,'1970-01-01 07:00:01',1),(66,102,15,0,1,1,1,1,1,1,'1970-01-01 07:00:01',1,'1970-01-01 07:00:01',1),(67,103,15,0,1,1,1,1,1,1,'1970-01-01 07:00:01',1,'1970-01-01 07:00:01',1),(68,104,15,0,1,1,1,1,1,1,'1970-01-01 07:00:01',1,'1970-01-01 07:00:01',1),(69,105,15,0,1,1,1,1,1,1,'1970-01-01 07:00:01',1,'1970-01-01 07:00:01',1),(70,106,15,1,1,1,1,1,1,1,'1970-01-01 07:00:01',1,'1970-01-01 07:00:01',1),(71,107,15,0,1,1,1,1,1,1,'1970-01-01 07:00:01',1,'1970-01-01 07:00:01',1),(72,108,15,0,1,1,1,1,1,1,'1970-01-01 07:00:01',1,'1970-01-01 07:00:01',1),(73,96,16,0,1,1,1,1,1,1,'1970-01-01 07:00:01',1,'1970-01-01 07:00:01',1),(74,98,16,0,1,1,1,1,1,1,'1970-01-01 07:00:01',1,'1970-01-01 07:00:01',1),(75,99,16,0,1,1,1,1,1,1,'1970-01-01 07:00:01',1,'1970-01-01 07:00:01',1),(76,100,16,0,1,1,1,1,1,1,'1970-01-01 07:00:01',1,'1970-01-01 07:00:01',1),(77,101,16,0,1,1,1,1,1,1,'1970-01-01 07:00:01',1,'1970-01-01 07:00:01',1),(78,102,16,0,1,1,1,1,1,1,'1970-01-01 07:00:01',1,'1970-01-01 07:00:01',1),(79,103,16,0,1,1,1,1,1,1,'1970-01-01 07:00:01',1,'1970-01-01 07:00:01',1),(80,104,16,0,1,1,1,1,1,1,'1970-01-01 07:00:01',1,'1970-01-01 07:00:01',1),(81,105,16,0,1,1,1,1,1,1,'1970-01-01 07:00:01',1,'1970-01-01 07:00:01',1),(82,106,16,0,1,1,1,1,1,1,'1970-01-01 07:00:01',1,'1970-01-01 07:00:01',1),(83,107,16,0,1,1,1,1,1,1,'1970-01-01 07:00:01',1,'1970-01-01 07:00:01',1),(84,108,16,0,1,1,1,1,1,1,'1970-01-01 07:00:01',1,'1970-01-01 07:00:01',1);
/*!40000 ALTER TABLE `permissions_users` ENABLE KEYS */;
UNLOCK TABLES;

--
-- Temporary view structure for view `processlist`
--

DROP TABLE IF EXISTS `processlist`;
/*!50001 DROP VIEW IF EXISTS `processlist`*/;
SET @saved_cs_client     = @@character_set_client;
/*!50503 SET character_set_client = utf8mb4 */;
/*!50001 CREATE VIEW `processlist` AS SELECT 
 1 AS `thd_id`,
 1 AS `conn_id`,
 1 AS `user`,
 1 AS `db`,
 1 AS `command`,
 1 AS `state`,
 1 AS `time`,
 1 AS `current_statement`,
 1 AS `statement_latency`,
 1 AS `progress`,
 1 AS `lock_latency`,
 1 AS `rows_examined`,
 1 AS `rows_sent`,
 1 AS `rows_affected`,
 1 AS `tmp_tables`,
 1 AS `tmp_disk_tables`,
 1 AS `full_scan`,
 1 AS `last_statement`,
 1 AS `last_statement_latency`,
 1 AS `current_memory`,
 1 AS `last_wait`,
 1 AS `last_wait_latency`,
 1 AS `source`,
 1 AS `trx_latency`,
 1 AS `trx_state`,
 1 AS `trx_autocommit`,
 1 AS `pid`,
 1 AS `program_name`*/;
SET character_set_client = @saved_cs_client;

--
-- Temporary view structure for view `ps_check_lost_instrumentation`
--

DROP TABLE IF EXISTS `ps_check_lost_instrumentation`;
/*!50001 DROP VIEW IF EXISTS `ps_check_lost_instrumentation`*/;
SET @saved_cs_client     = @@character_set_client;
/*!50503 SET character_set_client = utf8mb4 */;
/*!50001 CREATE VIEW `ps_check_lost_instrumentation` AS SELECT 
 1 AS `variable_name`,
 1 AS `variable_value`*/;
SET character_set_client = @saved_cs_client;

--
-- Temporary view structure for view `schema_auto_increment_columns`
--

DROP TABLE IF EXISTS `schema_auto_increment_columns`;
/*!50001 DROP VIEW IF EXISTS `schema_auto_increment_columns`*/;
SET @saved_cs_client     = @@character_set_client;
/*!50503 SET character_set_client = utf8mb4 */;
/*!50001 CREATE VIEW `schema_auto_increment_columns` AS SELECT 
 1 AS `table_schema`,
 1 AS `table_name`,
 1 AS `column_name`,
 1 AS `data_type`,
 1 AS `column_type`,
 1 AS `is_signed`,
 1 AS `is_unsigned`,
 1 AS `max_value`,
 1 AS `auto_increment`,
 1 AS `auto_increment_ratio`*/;
SET character_set_client = @saved_cs_client;

--
-- Temporary view structure for view `schema_index_statistics`
--

DROP TABLE IF EXISTS `schema_index_statistics`;
/*!50001 DROP VIEW IF EXISTS `schema_index_statistics`*/;
SET @saved_cs_client     = @@character_set_client;
/*!50503 SET character_set_client = utf8mb4 */;
/*!50001 CREATE VIEW `schema_index_statistics` AS SELECT 
 1 AS `table_schema`,
 1 AS `table_name`,
 1 AS `index_name`,
 1 AS `rows_selected`,
 1 AS `select_latency`,
 1 AS `rows_inserted`,
 1 AS `insert_latency`,
 1 AS `rows_updated`,
 1 AS `update_latency`,
 1 AS `rows_deleted`,
 1 AS `delete_latency`*/;
SET character_set_client = @saved_cs_client;

--
-- Temporary view structure for view `schema_object_overview`
--

DROP TABLE IF EXISTS `schema_object_overview`;
/*!50001 DROP VIEW IF EXISTS `schema_object_overview`*/;
SET @saved_cs_client     = @@character_set_client;
/*!50503 SET character_set_client = utf8mb4 */;
/*!50001 CREATE VIEW `schema_object_overview` AS SELECT 
 1 AS `db`,
 1 AS `object_type`,
 1 AS `count`*/;
SET character_set_client = @saved_cs_client;

--
-- Temporary view structure for view `schema_redundant_indexes`
--

DROP TABLE IF EXISTS `schema_redundant_indexes`;
/*!50001 DROP VIEW IF EXISTS `schema_redundant_indexes`*/;
SET @saved_cs_client     = @@character_set_client;
/*!50503 SET character_set_client = utf8mb4 */;
/*!50001 CREATE VIEW `schema_redundant_indexes` AS SELECT 
 1 AS `table_schema`,
 1 AS `table_name`,
 1 AS `redundant_index_name`,
 1 AS `redundant_index_columns`,
 1 AS `redundant_index_non_unique`,
 1 AS `dominant_index_name`,
 1 AS `dominant_index_columns`,
 1 AS `dominant_index_non_unique`,
 1 AS `subpart_exists`,
 1 AS `sql_drop_index`*/;
SET character_set_client = @saved_cs_client;

--
-- Temporary view structure for view `schema_table_lock_waits`
--

DROP TABLE IF EXISTS `schema_table_lock_waits`;
/*!50001 DROP VIEW IF EXISTS `schema_table_lock_waits`*/;
SET @saved_cs_client     = @@character_set_client;
/*!50503 SET character_set_client = utf8mb4 */;
/*!50001 CREATE VIEW `schema_table_lock_waits` AS SELECT 
 1 AS `object_schema`,
 1 AS `object_name`,
 1 AS `waiting_thread_id`,
 1 AS `waiting_pid`,
 1 AS `waiting_account`,
 1 AS `waiting_lock_type`,
 1 AS `waiting_lock_duration`,
 1 AS `waiting_query`,
 1 AS `waiting_query_secs`,
 1 AS `waiting_query_rows_affected`,
 1 AS `waiting_query_rows_examined`,
 1 AS `blocking_thread_id`,
 1 AS `blocking_pid`,
 1 AS `blocking_account`,
 1 AS `blocking_lock_type`,
 1 AS `blocking_lock_duration`,
 1 AS `sql_kill_blocking_query`,
 1 AS `sql_kill_blocking_connection`*/;
SET character_set_client = @saved_cs_client;

--
-- Temporary view structure for view `schema_table_statistics`
--

DROP TABLE IF EXISTS `schema_table_statistics`;
/*!50001 DROP VIEW IF EXISTS `schema_table_statistics`*/;
SET @saved_cs_client     = @@character_set_client;
/*!50503 SET character_set_client = utf8mb4 */;
/*!50001 CREATE VIEW `schema_table_statistics` AS SELECT 
 1 AS `table_schema`,
 1 AS `table_name`,
 1 AS `total_latency`,
 1 AS `rows_fetched`,
 1 AS `fetch_latency`,
 1 AS `rows_inserted`,
 1 AS `insert_latency`,
 1 AS `rows_updated`,
 1 AS `update_latency`,
 1 AS `rows_deleted`,
 1 AS `delete_latency`,
 1 AS `io_read_requests`,
 1 AS `io_read`,
 1 AS `io_read_latency`,
 1 AS `io_write_requests`,
 1 AS `io_write`,
 1 AS `io_write_latency`,
 1 AS `io_misc_requests`,
 1 AS `io_misc_latency`*/;
SET character_set_client = @saved_cs_client;

--
-- Temporary view structure for view `schema_table_statistics_with_buffer`
--

DROP TABLE IF EXISTS `schema_table_statistics_with_buffer`;
/*!50001 DROP VIEW IF EXISTS `schema_table_statistics_with_buffer`*/;
SET @saved_cs_client     = @@character_set_client;
/*!50503 SET character_set_client = utf8mb4 */;
/*!50001 CREATE VIEW `schema_table_statistics_with_buffer` AS SELECT 
 1 AS `table_schema`,
 1 AS `table_name`,
 1 AS `rows_fetched`,
 1 AS `fetch_latency`,
 1 AS `rows_inserted`,
 1 AS `insert_latency`,
 1 AS `rows_updated`,
 1 AS `update_latency`,
 1 AS `rows_deleted`,
 1 AS `delete_latency`,
 1 AS `io_read_requests`,
 1 AS `io_read`,
 1 AS `io_read_latency`,
 1 AS `io_write_requests`,
 1 AS `io_write`,
 1 AS `io_write_latency`,
 1 AS `io_misc_requests`,
 1 AS `io_misc_latency`,
 1 AS `innodb_buffer_allocated`,
 1 AS `innodb_buffer_data`,
 1 AS `innodb_buffer_free`,
 1 AS `innodb_buffer_pages`,
 1 AS `innodb_buffer_pages_hashed`,
 1 AS `innodb_buffer_pages_old`,
 1 AS `innodb_buffer_rows_cached`*/;
SET character_set_client = @saved_cs_client;

--
-- Temporary view structure for view `schema_tables_with_full_table_scans`
--

DROP TABLE IF EXISTS `schema_tables_with_full_table_scans`;
/*!50001 DROP VIEW IF EXISTS `schema_tables_with_full_table_scans`*/;
SET @saved_cs_client     = @@character_set_client;
/*!50503 SET character_set_client = utf8mb4 */;
/*!50001 CREATE VIEW `schema_tables_with_full_table_scans` AS SELECT 
 1 AS `object_schema`,
 1 AS `object_name`,
 1 AS `rows_full_scanned`,
 1 AS `latency`*/;
SET character_set_client = @saved_cs_client;

--
-- Temporary view structure for view `schema_unused_indexes`
--

DROP TABLE IF EXISTS `schema_unused_indexes`;
/*!50001 DROP VIEW IF EXISTS `schema_unused_indexes`*/;
SET @saved_cs_client     = @@character_set_client;
/*!50503 SET character_set_client = utf8mb4 */;
/*!50001 CREATE VIEW `schema_unused_indexes` AS SELECT 
 1 AS `object_schema`,
 1 AS `object_name`,
 1 AS `index_name`*/;
SET character_set_client = @saved_cs_client;

--
-- Temporary view structure for view `session`
--

DROP TABLE IF EXISTS `session`;
/*!50001 DROP VIEW IF EXISTS `session`*/;
SET @saved_cs_client     = @@character_set_client;
/*!50503 SET character_set_client = utf8mb4 */;
/*!50001 CREATE VIEW `session` AS SELECT 
 1 AS `thd_id`,
 1 AS `conn_id`,
 1 AS `user`,
 1 AS `db`,
 1 AS `command`,
 1 AS `state`,
 1 AS `time`,
 1 AS `current_statement`,
 1 AS `statement_latency`,
 1 AS `progress`,
 1 AS `lock_latency`,
 1 AS `rows_examined`,
 1 AS `rows_sent`,
 1 AS `rows_affected`,
 1 AS `tmp_tables`,
 1 AS `tmp_disk_tables`,
 1 AS `full_scan`,
 1 AS `last_statement`,
 1 AS `last_statement_latency`,
 1 AS `current_memory`,
 1 AS `last_wait`,
 1 AS `last_wait_latency`,
 1 AS `source`,
 1 AS `trx_latency`,
 1 AS `trx_state`,
 1 AS `trx_autocommit`,
 1 AS `pid`,
 1 AS `program_name`*/;
SET character_set_client = @saved_cs_client;

--
-- Temporary view structure for view `session_ssl_status`
--

DROP TABLE IF EXISTS `session_ssl_status`;
/*!50001 DROP VIEW IF EXISTS `session_ssl_status`*/;
SET @saved_cs_client     = @@character_set_client;
/*!50503 SET character_set_client = utf8mb4 */;
/*!50001 CREATE VIEW `session_ssl_status` AS SELECT 
 1 AS `thread_id`,
 1 AS `ssl_version`,
 1 AS `ssl_cipher`,
 1 AS `ssl_sessions_reused`*/;
SET character_set_client = @saved_cs_client;

--
-- Temporary view structure for view `statement_analysis`
--

DROP TABLE IF EXISTS `statement_analysis`;
/*!50001 DROP VIEW IF EXISTS `statement_analysis`*/;
SET @saved_cs_client     = @@character_set_client;
/*!50503 SET character_set_client = utf8mb4 */;
/*!50001 CREATE VIEW `statement_analysis` AS SELECT 
 1 AS `query`,
 1 AS `db`,
 1 AS `full_scan`,
 1 AS `exec_count`,
 1 AS `err_count`,
 1 AS `warn_count`,
 1 AS `total_latency`,
 1 AS `max_latency`,
 1 AS `avg_latency`,
 1 AS `lock_latency`,
 1 AS `rows_sent`,
 1 AS `rows_sent_avg`,
 1 AS `rows_examined`,
 1 AS `rows_examined_avg`,
 1 AS `rows_affected`,
 1 AS `rows_affected_avg`,
 1 AS `tmp_tables`,
 1 AS `tmp_disk_tables`,
 1 AS `rows_sorted`,
 1 AS `sort_merge_passes`,
 1 AS `digest`,
 1 AS `first_seen`,
 1 AS `last_seen`*/;
SET character_set_client = @saved_cs_client;

--
-- Temporary view structure for view `statements_with_errors_or_warnings`
--

DROP TABLE IF EXISTS `statements_with_errors_or_warnings`;
/*!50001 DROP VIEW IF EXISTS `statements_with_errors_or_warnings`*/;
SET @saved_cs_client     = @@character_set_client;
/*!50503 SET character_set_client = utf8mb4 */;
/*!50001 CREATE VIEW `statements_with_errors_or_warnings` AS SELECT 
 1 AS `query`,
 1 AS `db`,
 1 AS `exec_count`,
 1 AS `errors`,
 1 AS `error_pct`,
 1 AS `warnings`,
 1 AS `warning_pct`,
 1 AS `first_seen`,
 1 AS `last_seen`,
 1 AS `digest`*/;
SET character_set_client = @saved_cs_client;

--
-- Temporary view structure for view `statements_with_full_table_scans`
--

DROP TABLE IF EXISTS `statements_with_full_table_scans`;
/*!50001 DROP VIEW IF EXISTS `statements_with_full_table_scans`*/;
SET @saved_cs_client     = @@character_set_client;
/*!50503 SET character_set_client = utf8mb4 */;
/*!50001 CREATE VIEW `statements_with_full_table_scans` AS SELECT 
 1 AS `query`,
 1 AS `db`,
 1 AS `exec_count`,
 1 AS `total_latency`,
 1 AS `no_index_used_count`,
 1 AS `no_good_index_used_count`,
 1 AS `no_index_used_pct`,
 1 AS `rows_sent`,
 1 AS `rows_examined`,
 1 AS `rows_sent_avg`,
 1 AS `rows_examined_avg`,
 1 AS `first_seen`,
 1 AS `last_seen`,
 1 AS `digest`*/;
SET character_set_client = @saved_cs_client;

--
-- Temporary view structure for view `statements_with_runtimes_in_95th_percentile`
--

DROP TABLE IF EXISTS `statements_with_runtimes_in_95th_percentile`;
/*!50001 DROP VIEW IF EXISTS `statements_with_runtimes_in_95th_percentile`*/;
SET @saved_cs_client     = @@character_set_client;
/*!50503 SET character_set_client = utf8mb4 */;
/*!50001 CREATE VIEW `statements_with_runtimes_in_95th_percentile` AS SELECT 
 1 AS `query`,
 1 AS `db`,
 1 AS `full_scan`,
 1 AS `exec_count`,
 1 AS `err_count`,
 1 AS `warn_count`,
 1 AS `total_latency`,
 1 AS `max_latency`,
 1 AS `avg_latency`,
 1 AS `rows_sent`,
 1 AS `rows_sent_avg`,
 1 AS `rows_examined`,
 1 AS `rows_examined_avg`,
 1 AS `first_seen`,
 1 AS `last_seen`,
 1 AS `digest`*/;
SET character_set_client = @saved_cs_client;

--
-- Temporary view structure for view `statements_with_sorting`
--

DROP TABLE IF EXISTS `statements_with_sorting`;
/*!50001 DROP VIEW IF EXISTS `statements_with_sorting`*/;
SET @saved_cs_client     = @@character_set_client;
/*!50503 SET character_set_client = utf8mb4 */;
/*!50001 CREATE VIEW `statements_with_sorting` AS SELECT 
 1 AS `query`,
 1 AS `db`,
 1 AS `exec_count`,
 1 AS `total_latency`,
 1 AS `sort_merge_passes`,
 1 AS `avg_sort_merges`,
 1 AS `sorts_using_scans`,
 1 AS `sort_using_range`,
 1 AS `rows_sorted`,
 1 AS `avg_rows_sorted`,
 1 AS `first_seen`,
 1 AS `last_seen`,
 1 AS `digest`*/;
SET character_set_client = @saved_cs_client;

--
-- Temporary view structure for view `statements_with_temp_tables`
--

DROP TABLE IF EXISTS `statements_with_temp_tables`;
/*!50001 DROP VIEW IF EXISTS `statements_with_temp_tables`*/;
SET @saved_cs_client     = @@character_set_client;
/*!50503 SET character_set_client = utf8mb4 */;
/*!50001 CREATE VIEW `statements_with_temp_tables` AS SELECT 
 1 AS `query`,
 1 AS `db`,
 1 AS `exec_count`,
 1 AS `total_latency`,
 1 AS `memory_tmp_tables`,
 1 AS `disk_tmp_tables`,
 1 AS `avg_tmp_tables_per_query`,
 1 AS `tmp_tables_to_disk_pct`,
 1 AS `first_seen`,
 1 AS `last_seen`,
 1 AS `digest`*/;
SET character_set_client = @saved_cs_client;

--
-- Table structure for table `test`
--

DROP TABLE IF EXISTS `test`;
/*!40101 SET @saved_cs_client     = @@character_set_client */;
/*!50503 SET character_set_client = utf8mb4 */;
CREATE TABLE `test` (
  `sds` int NOT NULL,
  PRIMARY KEY (`sds`)
) ENGINE=InnoDB DEFAULT CHARSET=utf8mb4 COLLATE=utf8mb4_general_ci;
/*!40101 SET character_set_client = @saved_cs_client */;

--
-- Dumping data for table `test`
--

LOCK TABLES `test` WRITE;
/*!40000 ALTER TABLE `test` DISABLE KEYS */;
/*!40000 ALTER TABLE `test` ENABLE KEYS */;
UNLOCK TABLES;

--
-- Temporary view structure for view `user_summary`
--

DROP TABLE IF EXISTS `user_summary`;
/*!50001 DROP VIEW IF EXISTS `user_summary`*/;
SET @saved_cs_client     = @@character_set_client;
/*!50503 SET character_set_client = utf8mb4 */;
/*!50001 CREATE VIEW `user_summary` AS SELECT 
 1 AS `user`,
 1 AS `statements`,
 1 AS `statement_latency`,
 1 AS `statement_avg_latency`,
 1 AS `table_scans`,
 1 AS `file_ios`,
 1 AS `file_io_latency`,
 1 AS `current_connections`,
 1 AS `total_connections`,
 1 AS `unique_hosts`,
 1 AS `current_memory`,
 1 AS `total_memory_allocated`*/;
SET character_set_client = @saved_cs_client;

--
-- Temporary view structure for view `user_summary_by_file_io`
--

DROP TABLE IF EXISTS `user_summary_by_file_io`;
/*!50001 DROP VIEW IF EXISTS `user_summary_by_file_io`*/;
SET @saved_cs_client     = @@character_set_client;
/*!50503 SET character_set_client = utf8mb4 */;
/*!50001 CREATE VIEW `user_summary_by_file_io` AS SELECT 
 1 AS `user`,
 1 AS `ios`,
 1 AS `io_latency`*/;
SET character_set_client = @saved_cs_client;

--
-- Temporary view structure for view `user_summary_by_file_io_type`
--

DROP TABLE IF EXISTS `user_summary_by_file_io_type`;
/*!50001 DROP VIEW IF EXISTS `user_summary_by_file_io_type`*/;
SET @saved_cs_client     = @@character_set_client;
/*!50503 SET character_set_client = utf8mb4 */;
/*!50001 CREATE VIEW `user_summary_by_file_io_type` AS SELECT 
 1 AS `user`,
 1 AS `event_name`,
 1 AS `total`,
 1 AS `latency`,
 1 AS `max_latency`*/;
SET character_set_client = @saved_cs_client;

--
-- Temporary view structure for view `user_summary_by_stages`
--

DROP TABLE IF EXISTS `user_summary_by_stages`;
/*!50001 DROP VIEW IF EXISTS `user_summary_by_stages`*/;
SET @saved_cs_client     = @@character_set_client;
/*!50503 SET character_set_client = utf8mb4 */;
/*!50001 CREATE VIEW `user_summary_by_stages` AS SELECT 
 1 AS `user`,
 1 AS `event_name`,
 1 AS `total`,
 1 AS `total_latency`,
 1 AS `avg_latency`*/;
SET character_set_client = @saved_cs_client;

--
-- Temporary view structure for view `user_summary_by_statement_latency`
--

DROP TABLE IF EXISTS `user_summary_by_statement_latency`;
/*!50001 DROP VIEW IF EXISTS `user_summary_by_statement_latency`*/;
SET @saved_cs_client     = @@character_set_client;
/*!50503 SET character_set_client = utf8mb4 */;
/*!50001 CREATE VIEW `user_summary_by_statement_latency` AS SELECT 
 1 AS `user`,
 1 AS `total`,
 1 AS `total_latency`,
 1 AS `max_latency`,
 1 AS `lock_latency`,
 1 AS `rows_sent`,
 1 AS `rows_examined`,
 1 AS `rows_affected`,
 1 AS `full_scans`*/;
SET character_set_client = @saved_cs_client;

--
-- Temporary view structure for view `user_summary_by_statement_type`
--

DROP TABLE IF EXISTS `user_summary_by_statement_type`;
/*!50001 DROP VIEW IF EXISTS `user_summary_by_statement_type`*/;
SET @saved_cs_client     = @@character_set_client;
/*!50503 SET character_set_client = utf8mb4 */;
/*!50001 CREATE VIEW `user_summary_by_statement_type` AS SELECT 
 1 AS `user`,
 1 AS `statement`,
 1 AS `total`,
 1 AS `total_latency`,
 1 AS `max_latency`,
 1 AS `lock_latency`,
 1 AS `rows_sent`,
 1 AS `rows_examined`,
 1 AS `rows_affected`,
 1 AS `full_scans`*/;
SET character_set_client = @saved_cs_client;

--
-- Table structure for table `users`
--

DROP TABLE IF EXISTS `users`;
/*!40101 SET @saved_cs_client     = @@character_set_client */;
/*!50503 SET character_set_client = utf8mb4 */;
CREATE TABLE `users` (
  `id_user` int NOT NULL AUTO_INCREMENT,
  `first_name` varchar(150) NOT NULL,
  `last_name` varchar(150) NOT NULL,
  `email` varchar(50) NOT NULL,
  `password` varchar(999) NOT NULL,
  `joining_date` datetime NOT NULL DEFAULT CURRENT_TIMESTAMP,
  `phone` varchar(20) NOT NULL,
  `active` tinyint(1) NOT NULL DEFAULT '1',
  `created_at` timestamp NOT NULL DEFAULT CURRENT_TIMESTAMP,
  `created_by` int DEFAULT NULL,
  `updated_at` timestamp NOT NULL DEFAULT CURRENT_TIMESTAMP,
  `updated_by` int DEFAULT NULL,
  `DOB` varchar(45) DEFAULT NULL,
  `addr_street_number` varchar(45) DEFAULT NULL,
  `addr_street_name` varchar(45) DEFAULT NULL,
  `addr_town` varchar(45) DEFAULT NULL,
  `addr_city` varchar(45) DEFAULT NULL,
  `addr_state` varchar(45) DEFAULT NULL,
  `addr_country` varchar(45) DEFAULT NULL,
  `addr_zip_code` varchar(45) DEFAULT NULL,
  `addr_apt_number` varchar(45) DEFAULT NULL,
  `gender` varchar(45) DEFAULT NULL,
  `img_url` varchar(150) DEFAULT NULL,
  `passport_number` varchar(45) DEFAULT NULL,
  `passport_exp_date` timestamp NULL DEFAULT NULL,
  `nationality` varchar(45) DEFAULT NULL,
  `religion` varchar(45) DEFAULT NULL,
  `marital_status` varchar(45) DEFAULT NULL,
  `employement_of_spouse` varchar(45) DEFAULT NULL,
  `number_of_children` varchar(45) DEFAULT NULL,
  `bank_name` varchar(45) DEFAULT NULL,
  `bank_account_number` varchar(45) DEFAULT NULL,
  `bank_routing_number` varchar(45) DEFAULT NULL,
  `bank_name_on_account` varchar(45) DEFAULT NULL,
  `bank_account_name` varchar(45) DEFAULT NULL,
  `emergency_contact_1_name` varchar(45) DEFAULT NULL,
  `emergency_contact_1_relationship` varchar(45) DEFAULT NULL,
  `emergency_contact_1_phone` varchar(45) DEFAULT NULL,
  `emergency_contact_2_name` varchar(45) DEFAULT NULL,
  `emergency_contact_2_relationship` varchar(45) DEFAULT NULL,
  `emergency_contact_2_phone` varchar(45) DEFAULT NULL,
  `id_master_title` int NOT NULL,
  `is_tm` tinyint NOT NULL,
  `reportsTo` int DEFAULT NULL,
  PRIMARY KEY (`id_user`),
  UNIQUE KEY `id_user_UNIQUE` (`id_user`),
  UNIQUE KEY `email_UNIQUE` (`email`),
  KEY `egrgdgdfg_idx` (`id_master_title`),
  KEY `reportsTo_idx` (`reportsTo`),
  CONSTRAINT `egrgdgdfg` FOREIGN KEY (`id_master_title`) REFERENCES `company_master_title` (`id_master_title`),
  CONSTRAINT `reportsTo` FOREIGN KEY (`reportsTo`) REFERENCES `users` (`id_user`)
) ENGINE=InnoDB AUTO_INCREMENT=32 DEFAULT CHARSET=utf8mb4 COLLATE=utf8mb4_general_ci;
/*!40101 SET character_set_client = @saved_cs_client */;

--
-- Dumping data for table `users`
--

LOCK TABLES `users` WRITE;
/*!40000 ALTER TABLE `users` DISABLE KEYS */;
INSERT INTO `users` VALUES (1,'Aaron','Tot','admin@admin.com','$2a$10$3PPSNa1yw.8hsVhD3O3UPubjkDDvSWC5GHDnK.9mO.YVJ0kmRkrLq','1970-01-01 00:00:01','0452 054 642',1,'1970-01-01 07:00:01',1,'1970-01-01 07:00:01',1,'1980-03-07','52','Fake Street','d','Bankstown','NSW','Australia','3454','12','male','aaron_tot.jpg?alt=media&token=672245bd-c281-4e5d-bd5f-e4ca04af670f','3333','2023-09-15 07:00:00','33','33','33','false','3','Westpac','123789456','789123456','Aaron Tot','Savings Account','Giovanna','Wife','78912345','Jill','friend','321456987',1,1,1),(2,'Giovanna','Gambino','gg@gmail.com','$2a$10$np8IaYu8Xxfw.Xr8V4qsmOfhixeNi4eyXes8e8aZ49/g2I1L2SXfe','2021-11-12 22:28:48','0452 525 555',1,'2022-12-08 05:04:57',1,'2022-12-08 05:04:57',1,NULL,NULL,NULL,NULL,NULL,NULL,NULL,NULL,NULL,NULL,'Giovanna_photo.png?alt=media&token=08167a3a-523d-42e4-bd04-1384a57de59e',NULL,NULL,NULL,NULL,NULL,NULL,NULL,'a','a','a','a','a',NULL,NULL,NULL,NULL,NULL,NULL,2,0,1),(3,'Giovanna','Gambino','aadmin@admin.com','$2a$10$RsRSjaKa4VFhA/FlmInuvuPzDdVG/FgcMah5RPUjucLmrwhC60hUO','2023-09-20 03:08:50','4805227013',0,'2023-09-20 10:08:50',1,'2023-09-20 10:08:50',1,'',NULL,'',NULL,NULL,NULL,NULL,NULL,NULL,'female',NULL,'1234568910','2023-09-02 07:00:00','1','1','1','true','1','q','q','q','q','q','a','a','1','a','a','1',1,1,1),(13,'ceo','aaa','ceo@admin.com','$2a$10$FH3qF6NUaI.mDM35XOtfi.c6icLrKUMfPBlu7yyYTsF3JshjMROwW','2023-09-20 07:21:39','ceo',0,'2023-09-20 14:21:39',1,'2023-09-20 14:21:39',1,NULL,NULL,NULL,NULL,NULL,NULL,NULL,NULL,NULL,NULL,NULL,NULL,NULL,NULL,NULL,NULL,NULL,NULL,NULL,NULL,NULL,NULL,NULL,NULL,NULL,NULL,NULL,NULL,NULL,1,1,1),(14,'seeker','seeker','seeker@admin.com','$2a$10$tPzgcKQ2jM9BUesPGU6Mw.2YYXuIzmtTE7cNsODyHq1K81Msyjo32','2023-09-20 07:24:29','seeker',0,'2023-09-20 14:24:29',1,'2023-09-20 14:24:29',1,NULL,NULL,NULL,NULL,NULL,NULL,NULL,NULL,NULL,NULL,NULL,NULL,NULL,NULL,NULL,NULL,NULL,NULL,NULL,NULL,NULL,NULL,NULL,NULL,NULL,NULL,NULL,NULL,NULL,2,1,1),(15,'s','s','s@admin.com','$2a$10$Q.hSkvUrriqB3K1BUzZf2.131xRcKc9Nzq7gxfj5HfkYwk3DnUune','2023-09-20 07:26:32','s',0,'2023-09-20 14:26:32',1,'2023-09-20 14:26:32',1,NULL,NULL,NULL,NULL,NULL,NULL,NULL,NULL,NULL,NULL,NULL,NULL,NULL,NULL,NULL,NULL,NULL,NULL,NULL,NULL,NULL,NULL,NULL,NULL,NULL,NULL,NULL,NULL,NULL,2,1,1),(16,'new seeker','seeker','seekerseeker@admin.com','$2a$10$cdkMV4HrBuvW5pkCgJSNEO4sHbyDye8KUjK761tJlMsJBtSOgfJqC','2023-09-20 09:08:45','seeker',0,'2023-09-20 16:08:45',1,'2023-09-20 16:08:45',1,NULL,NULL,NULL,NULL,NULL,NULL,NULL,NULL,NULL,NULL,NULL,NULL,NULL,NULL,NULL,NULL,NULL,NULL,NULL,NULL,NULL,NULL,NULL,NULL,NULL,NULL,NULL,NULL,NULL,2,1,1),(18,'','','adamin@admin.com','$2a$10$VWsiOgmUn/qAUXSlMA3oC.XThoVcN6CQsRtU72na8RHrJoROE9WAi','2023-09-21 13:29:12','',0,'2023-09-21 20:29:12',NULL,'2023-09-21 20:29:12',1,NULL,NULL,NULL,NULL,NULL,NULL,NULL,NULL,NULL,NULL,NULL,NULL,NULL,NULL,NULL,NULL,NULL,NULL,NULL,NULL,NULL,NULL,NULL,NULL,NULL,NULL,NULL,NULL,NULL,2,0,NULL),(19,'','','adamin@adsmin.com','$2a$10$r0aJkh4jCagmudxmLDcCauz80/Xv4ADNvHdbPxWYDnBcztA4KmYva','2023-09-21 13:29:23','',0,'2023-09-21 20:29:23',NULL,'2023-09-21 20:29:23',1,NULL,NULL,NULL,NULL,NULL,NULL,NULL,NULL,NULL,NULL,NULL,NULL,NULL,NULL,NULL,NULL,NULL,NULL,NULL,NULL,NULL,NULL,NULL,NULL,NULL,NULL,NULL,NULL,NULL,2,0,NULL),(21,'','','adamin@adsmiddn.com','$2a$10$/ywKQc1IY6yXC9W3HHlayeBvdGzVMUyCF6mwlAE.EOc3cN3buQviq','2023-09-21 13:30:10','',0,'2023-09-21 20:30:10',NULL,'2023-09-21 20:30:10',1,NULL,NULL,NULL,NULL,NULL,NULL,NULL,NULL,NULL,NULL,NULL,NULL,NULL,NULL,NULL,NULL,NULL,NULL,NULL,NULL,NULL,NULL,NULL,NULL,NULL,NULL,NULL,NULL,NULL,2,0,NULL),(23,'aa','a','admin@admdsdsdin.com','$2a$10$Y0sWHDl/jh2rLqQfGHayj.XuwIcNPisCgtRntrzqybNGKv6TWoz2i','2023-09-21 13:38:26','1',0,'2023-09-21 20:38:26',NULL,'2023-09-21 20:38:26',1,NULL,NULL,NULL,NULL,NULL,NULL,NULL,NULL,NULL,NULL,NULL,NULL,NULL,NULL,NULL,NULL,NULL,NULL,NULL,NULL,NULL,NULL,NULL,NULL,NULL,NULL,NULL,NULL,NULL,2,0,NULL),(24,'a','a','admin@ad11min.com','$2a$10$HLd1Ck/0lCfmyt/dtlk4uuFMs19Re61DbUBLr3f4eOVJURQUR8Teu','2023-09-21 13:38:52','1',0,'2023-09-21 20:38:52',NULL,'2023-09-21 20:38:52',1,NULL,NULL,NULL,NULL,NULL,NULL,NULL,NULL,NULL,NULL,NULL,NULL,NULL,NULL,NULL,NULL,NULL,NULL,NULL,NULL,NULL,NULL,NULL,NULL,NULL,NULL,NULL,NULL,NULL,2,0,NULL),(25,'Giovanna','Gambino','admiaaan@admin.com','$2a$10$ehEv86TWIECNf2UaZy5OvufVr4b/0uVBCd1FrFMQDLDsw5NT/tFvW','2023-09-21 13:41:18','4805227013',0,'2023-09-21 20:41:18',NULL,'2023-09-21 20:41:18',1,NULL,NULL,NULL,NULL,NULL,NULL,NULL,NULL,NULL,NULL,NULL,NULL,NULL,NULL,NULL,NULL,NULL,NULL,NULL,NULL,NULL,NULL,NULL,NULL,NULL,NULL,NULL,NULL,NULL,2,0,NULL),(26,'ad','aa','admin@a11dmin.com','$2a$10$dhfVeM18BWZgn6lN2Lj2h.A88E5rqm0RyGgfwwQxMlbOQq09AsKky','2023-09-21 13:49:37','11',0,'2023-09-21 20:49:37',NULL,'2023-09-21 20:49:37',1,NULL,NULL,NULL,NULL,NULL,NULL,NULL,NULL,NULL,NULL,NULL,NULL,NULL,NULL,NULL,NULL,NULL,NULL,NULL,NULL,NULL,NULL,NULL,NULL,NULL,NULL,NULL,NULL,NULL,2,0,NULL),(28,'Giovanna','Gambino','admin@adgggmin.com','$2a$10$yg5bnB77kC3PxYv4m3ZRE.V6RDE2IoYrMbVeMYfZdvK8Lu0CBsPGO','2023-09-21 14:46:42','4805227013',0,'2023-09-21 21:46:42',NULL,'2023-09-21 21:46:42',1,NULL,NULL,NULL,NULL,NULL,NULL,NULL,NULL,NULL,NULL,NULL,NULL,NULL,NULL,NULL,NULL,NULL,NULL,NULL,NULL,NULL,NULL,NULL,NULL,NULL,NULL,NULL,NULL,NULL,2,0,NULL),(29,'NewJobSeekerF','NewJobSeekerL','NewJobSeeker@NewJobSeeker.com','$2a$10$BVHyf4IfpJhfd/NqkFUtMec58nfn0iFCxXhSsZIXByRg7IsSFSSYC','2023-10-28 17:56:20','123456789',1,'2023-10-29 00:56:20',NULL,'2023-10-29 00:56:20',NULL,NULL,NULL,NULL,NULL,NULL,NULL,NULL,NULL,NULL,NULL,NULL,NULL,NULL,NULL,NULL,NULL,NULL,NULL,NULL,NULL,NULL,NULL,NULL,NULL,NULL,NULL,NULL,NULL,NULL,2,0,NULL),(30,'new1','new11','1@1.com','$2a$10$ie0P/FiV7xW9aeXGytk8MugpE0ml7n5ebY/tXlPaOKDNIQUbzEkcm','2023-10-30 05:30:42','1',0,'2023-10-30 05:30:42',1,'2023-10-30 05:30:42',1,NULL,NULL,NULL,NULL,NULL,NULL,NULL,NULL,NULL,NULL,NULL,NULL,NULL,NULL,NULL,NULL,NULL,NULL,NULL,NULL,NULL,NULL,NULL,NULL,NULL,NULL,NULL,NULL,NULL,3,1,NULL),(31,'Giovanna','Gambino','admhin@ahdmin.com','$2a$10$7v0Q9w3mWiSHMlSx1tYE..IKyhX9JoIhLIMnYRRjOZecZXE3SEh8S','2023-10-30 05:33:11','4855555',1,'2023-10-30 05:33:11',1,'2023-10-30 05:33:11',1,NULL,NULL,NULL,NULL,NULL,NULL,NULL,NULL,NULL,NULL,NULL,NULL,NULL,NULL,NULL,NULL,NULL,NULL,NULL,NULL,NULL,NULL,NULL,NULL,NULL,NULL,NULL,NULL,NULL,1,1,1);
/*!40000 ALTER TABLE `users` ENABLE KEYS */;
UNLOCK TABLES;

--
-- Table structure for table `users_education`
--

DROP TABLE IF EXISTS `users_education`;
/*!40101 SET @saved_cs_client     = @@character_set_client */;
/*!50503 SET character_set_client = utf8mb4 */;
CREATE TABLE `users_education` (
  `id_users_education` int NOT NULL AUTO_INCREMENT,
  `name_of_providor` varchar(45) DEFAULT NULL,
  `course` varchar(45) DEFAULT NULL,
  `start` varchar(45) DEFAULT NULL,
  `end` varchar(45) DEFAULT NULL,
  `address` varchar(45) DEFAULT NULL,
  `id_user` int DEFAULT NULL,
  PRIMARY KEY (`id_users_education`)
) ENGINE=InnoDB AUTO_INCREMENT=2 DEFAULT CHARSET=utf8mb4 COLLATE=utf8mb4_general_ci;
/*!40101 SET character_set_client = @saved_cs_client */;

--
-- Dumping data for table `users_education`
--

LOCK TABLES `users_education` WRITE;
/*!40000 ALTER TABLE `users_education` DISABLE KEYS */;
INSERT INTO `users_education` VALUES (1,'Collage of Australia','Business','10/10/1900','7/12/2017','123 fake street',1);
/*!40000 ALTER TABLE `users_education` ENABLE KEYS */;
UNLOCK TABLES;

--
-- Table structure for table `users_experience`
--

DROP TABLE IF EXISTS `users_experience`;
/*!40101 SET @saved_cs_client     = @@character_set_client */;
/*!50503 SET character_set_client = utf8mb4 */;
CREATE TABLE `users_experience` (
  `experience_id` int NOT NULL AUTO_INCREMENT,
  `name_of_providor` varchar(45) DEFAULT NULL,
  `position` varchar(45) DEFAULT NULL,
  `start` varchar(45) DEFAULT NULL,
  `end` varchar(45) DEFAULT NULL,
  `address` varchar(45) DEFAULT NULL,
  `id_user` int DEFAULT NULL,
  PRIMARY KEY (`experience_id`)
) ENGINE=InnoDB AUTO_INCREMENT=3 DEFAULT CHARSET=utf8mb4 COLLATE=utf8mb4_general_ci;
/*!40101 SET character_set_client = @saved_cs_client */;

--
-- Dumping data for table `users_experience`
--

LOCK TABLES `users_experience` WRITE;
/*!40000 ALTER TABLE `users_experience` DISABLE KEYS */;
INSERT INTO `users_experience` VALUES (1,'Apple','Intern','10/10/1900','7/12/2017','52 fake street',1),(2,'Tesla','Manager','10/10/1800','7/12/2019','21 Fast Car Street',1);
/*!40000 ALTER TABLE `users_experience` ENABLE KEYS */;
UNLOCK TABLES;

--
-- Table structure for table `users_family_info`
--

DROP TABLE IF EXISTS `users_family_info`;
/*!40101 SET @saved_cs_client     = @@character_set_client */;
/*!50503 SET character_set_client = utf8mb4 */;
CREATE TABLE `users_family_info` (
  `family_info_id` int NOT NULL AUTO_INCREMENT,
  `name` varchar(45) DEFAULT NULL,
  `relationship` varchar(45) DEFAULT NULL,
  `DOB` varchar(45) DEFAULT NULL,
  `phone` varchar(45) DEFAULT NULL,
  `id_user` int NOT NULL,
  PRIMARY KEY (`family_info_id`)
) ENGINE=InnoDB AUTO_INCREMENT=3 DEFAULT CHARSET=utf8mb4 COLLATE=utf8mb4_general_ci;
/*!40101 SET character_set_client = @saved_cs_client */;

--
-- Dumping data for table `users_family_info`
--

LOCK TABLES `users_family_info` WRITE;
/*!40000 ALTER TABLE `users_family_info` DISABLE KEYS */;
INSERT INTO `users_family_info` VALUES (1,'Bob','Brother','10/10/1800','0450505050',1),(2,'Jim','Uncle','10/10/1900','04626262645',1);
/*!40000 ALTER TABLE `users_family_info` ENABLE KEYS */;
UNLOCK TABLES;

--
-- Table structure for table `users_role_master`
--

DROP TABLE IF EXISTS `users_role_master`;
/*!40101 SET @saved_cs_client     = @@character_set_client */;
/*!50503 SET character_set_client = utf8mb4 */;
CREATE TABLE `users_role_master` (
  `id` int NOT NULL AUTO_INCREMENT,
  `roll_name` varchar(255) NOT NULL,
  `created_at` timestamp NOT NULL,
  `created_by` int NOT NULL,
  `updated_at` timestamp NOT NULL,
  `updated_by` int NOT NULL,
  PRIMARY KEY (`id`)
) ENGINE=InnoDB AUTO_INCREMENT=2 DEFAULT CHARSET=utf8mb4 COLLATE=utf8mb4_general_ci;
/*!40101 SET character_set_client = @saved_cs_client */;

--
-- Dumping data for table `users_role_master`
--

LOCK TABLES `users_role_master` WRITE;
/*!40000 ALTER TABLE `users_role_master` DISABLE KEYS */;
INSERT INTO `users_role_master` VALUES (1,'admin','1970-01-01 07:00:01',1,'1970-01-01 07:00:01',1);
/*!40000 ALTER TABLE `users_role_master` ENABLE KEYS */;
UNLOCK TABLES;

--
-- Table structure for table `users_salary_information`
--

DROP TABLE IF EXISTS `users_salary_information`;
/*!40101 SET @saved_cs_client     = @@character_set_client */;
/*!50503 SET character_set_client = utf8mb4 */;
CREATE TABLE `users_salary_information` (
  `salary_id` int NOT NULL,
  `salary_basic` varchar(45) DEFAULT NULL,
  `salary_amount` varchar(45) DEFAULT NULL,
  `payment_type` varchar(45) DEFAULT NULL,
  `employee_id` int DEFAULT NULL,
  PRIMARY KEY (`salary_id`)
) ENGINE=InnoDB DEFAULT CHARSET=utf8mb4 COLLATE=utf8mb4_general_ci;
/*!40101 SET character_set_client = @saved_cs_client */;

--
-- Dumping data for table `users_salary_information`
--

LOCK TABLES `users_salary_information` WRITE;
/*!40000 ALTER TABLE `users_salary_information` DISABLE KEYS */;
/*!40000 ALTER TABLE `users_salary_information` ENABLE KEYS */;
UNLOCK TABLES;

--
-- Temporary view structure for view `version`
--

DROP TABLE IF EXISTS `version`;
/*!50001 DROP VIEW IF EXISTS `version`*/;
SET @saved_cs_client     = @@character_set_client;
/*!50503 SET character_set_client = utf8mb4 */;
/*!50001 CREATE VIEW `version` AS SELECT 
 1 AS `sys_version`,
 1 AS `mysql_version`*/;
SET character_set_client = @saved_cs_client;

--
-- Temporary view structure for view `wait_classes_global_by_avg_latency`
--

DROP TABLE IF EXISTS `wait_classes_global_by_avg_latency`;
/*!50001 DROP VIEW IF EXISTS `wait_classes_global_by_avg_latency`*/;
SET @saved_cs_client     = @@character_set_client;
/*!50503 SET character_set_client = utf8mb4 */;
/*!50001 CREATE VIEW `wait_classes_global_by_avg_latency` AS SELECT 
 1 AS `event_class`,
 1 AS `total`,
 1 AS `total_latency`,
 1 AS `min_latency`,
 1 AS `avg_latency`,
 1 AS `max_latency`*/;
SET character_set_client = @saved_cs_client;

--
-- Temporary view structure for view `wait_classes_global_by_latency`
--

DROP TABLE IF EXISTS `wait_classes_global_by_latency`;
/*!50001 DROP VIEW IF EXISTS `wait_classes_global_by_latency`*/;
SET @saved_cs_client     = @@character_set_client;
/*!50503 SET character_set_client = utf8mb4 */;
/*!50001 CREATE VIEW `wait_classes_global_by_latency` AS SELECT 
 1 AS `event_class`,
 1 AS `total`,
 1 AS `total_latency`,
 1 AS `min_latency`,
 1 AS `avg_latency`,
 1 AS `max_latency`*/;
SET character_set_client = @saved_cs_client;

--
-- Temporary view structure for view `waits_by_host_by_latency`
--

DROP TABLE IF EXISTS `waits_by_host_by_latency`;
/*!50001 DROP VIEW IF EXISTS `waits_by_host_by_latency`*/;
SET @saved_cs_client     = @@character_set_client;
/*!50503 SET character_set_client = utf8mb4 */;
/*!50001 CREATE VIEW `waits_by_host_by_latency` AS SELECT 
 1 AS `host`,
 1 AS `event`,
 1 AS `total`,
 1 AS `total_latency`,
 1 AS `avg_latency`,
 1 AS `max_latency`*/;
SET character_set_client = @saved_cs_client;

--
-- Temporary view structure for view `waits_by_user_by_latency`
--

DROP TABLE IF EXISTS `waits_by_user_by_latency`;
/*!50001 DROP VIEW IF EXISTS `waits_by_user_by_latency`*/;
SET @saved_cs_client     = @@character_set_client;
/*!50503 SET character_set_client = utf8mb4 */;
/*!50001 CREATE VIEW `waits_by_user_by_latency` AS SELECT 
 1 AS `user`,
 1 AS `event`,
 1 AS `total`,
 1 AS `total_latency`,
 1 AS `avg_latency`,
 1 AS `max_latency`*/;
SET character_set_client = @saved_cs_client;

--
-- Temporary view structure for view `waits_global_by_latency`
--

DROP TABLE IF EXISTS `waits_global_by_latency`;
/*!50001 DROP VIEW IF EXISTS `waits_global_by_latency`*/;
SET @saved_cs_client     = @@character_set_client;
/*!50503 SET character_set_client = utf8mb4 */;
/*!50001 CREATE VIEW `waits_global_by_latency` AS SELECT 
 1 AS `events`,
 1 AS `total`,
 1 AS `total_latency`,
 1 AS `avg_latency`,
 1 AS `max_latency`*/;
SET character_set_client = @saved_cs_client;

--
-- Temporary view structure for view `x$host_summary`
--

DROP TABLE IF EXISTS `x$host_summary`;
/*!50001 DROP VIEW IF EXISTS `x$host_summary`*/;
SET @saved_cs_client     = @@character_set_client;
/*!50503 SET character_set_client = utf8mb4 */;
/*!50001 CREATE VIEW `x$host_summary` AS SELECT 
 1 AS `host`,
 1 AS `statements`,
 1 AS `statement_latency`,
 1 AS `statement_avg_latency`,
 1 AS `table_scans`,
 1 AS `file_ios`,
 1 AS `file_io_latency`,
 1 AS `current_connections`,
 1 AS `total_connections`,
 1 AS `unique_users`,
 1 AS `current_memory`,
 1 AS `total_memory_allocated`*/;
SET character_set_client = @saved_cs_client;

--
-- Temporary view structure for view `x$host_summary_by_file_io`
--

DROP TABLE IF EXISTS `x$host_summary_by_file_io`;
/*!50001 DROP VIEW IF EXISTS `x$host_summary_by_file_io`*/;
SET @saved_cs_client     = @@character_set_client;
/*!50503 SET character_set_client = utf8mb4 */;
/*!50001 CREATE VIEW `x$host_summary_by_file_io` AS SELECT 
 1 AS `host`,
 1 AS `ios`,
 1 AS `io_latency`*/;
SET character_set_client = @saved_cs_client;

--
-- Temporary view structure for view `x$host_summary_by_file_io_type`
--

DROP TABLE IF EXISTS `x$host_summary_by_file_io_type`;
/*!50001 DROP VIEW IF EXISTS `x$host_summary_by_file_io_type`*/;
SET @saved_cs_client     = @@character_set_client;
/*!50503 SET character_set_client = utf8mb4 */;
/*!50001 CREATE VIEW `x$host_summary_by_file_io_type` AS SELECT 
 1 AS `host`,
 1 AS `event_name`,
 1 AS `total`,
 1 AS `total_latency`,
 1 AS `max_latency`*/;
SET character_set_client = @saved_cs_client;

--
-- Temporary view structure for view `x$host_summary_by_stages`
--

DROP TABLE IF EXISTS `x$host_summary_by_stages`;
/*!50001 DROP VIEW IF EXISTS `x$host_summary_by_stages`*/;
SET @saved_cs_client     = @@character_set_client;
/*!50503 SET character_set_client = utf8mb4 */;
/*!50001 CREATE VIEW `x$host_summary_by_stages` AS SELECT 
 1 AS `host`,
 1 AS `event_name`,
 1 AS `total`,
 1 AS `total_latency`,
 1 AS `avg_latency`*/;
SET character_set_client = @saved_cs_client;

--
-- Temporary view structure for view `x$host_summary_by_statement_type`
--

DROP TABLE IF EXISTS `x$host_summary_by_statement_type`;
/*!50001 DROP VIEW IF EXISTS `x$host_summary_by_statement_type`*/;
SET @saved_cs_client     = @@character_set_client;
/*!50503 SET character_set_client = utf8mb4 */;
/*!50001 CREATE VIEW `x$host_summary_by_statement_type` AS SELECT 
 1 AS `host`,
 1 AS `statement`,
 1 AS `total`,
 1 AS `total_latency`,
 1 AS `max_latency`,
 1 AS `lock_latency`,
 1 AS `rows_sent`,
 1 AS `rows_examined`,
 1 AS `rows_affected`,
 1 AS `full_scans`*/;
SET character_set_client = @saved_cs_client;

--
-- Temporary view structure for view `x$innodb_buffer_stats_by_schema`
--

DROP TABLE IF EXISTS `x$innodb_buffer_stats_by_schema`;
/*!50001 DROP VIEW IF EXISTS `x$innodb_buffer_stats_by_schema`*/;
SET @saved_cs_client     = @@character_set_client;
/*!50503 SET character_set_client = utf8mb4 */;
/*!50001 CREATE VIEW `x$innodb_buffer_stats_by_schema` AS SELECT 
 1 AS `object_schema`,
 1 AS `allocated`,
 1 AS `data`,
 1 AS `pages`,
 1 AS `pages_hashed`,
 1 AS `pages_old`,
 1 AS `rows_cached`*/;
SET character_set_client = @saved_cs_client;

--
-- Temporary view structure for view `x$innodb_buffer_stats_by_table`
--

DROP TABLE IF EXISTS `x$innodb_buffer_stats_by_table`;
/*!50001 DROP VIEW IF EXISTS `x$innodb_buffer_stats_by_table`*/;
SET @saved_cs_client     = @@character_set_client;
/*!50503 SET character_set_client = utf8mb4 */;
/*!50001 CREATE VIEW `x$innodb_buffer_stats_by_table` AS SELECT 
 1 AS `object_schema`,
 1 AS `object_name`,
 1 AS `allocated`,
 1 AS `data`,
 1 AS `pages`,
 1 AS `pages_hashed`,
 1 AS `pages_old`,
 1 AS `rows_cached`*/;
SET character_set_client = @saved_cs_client;

--
-- Temporary view structure for view `x$innodb_lock_waits`
--

DROP TABLE IF EXISTS `x$innodb_lock_waits`;
/*!50001 DROP VIEW IF EXISTS `x$innodb_lock_waits`*/;
SET @saved_cs_client     = @@character_set_client;
/*!50503 SET character_set_client = utf8mb4 */;
/*!50001 CREATE VIEW `x$innodb_lock_waits` AS SELECT 
 1 AS `wait_started`,
 1 AS `wait_age`,
 1 AS `wait_age_secs`,
 1 AS `locked_table`,
 1 AS `locked_table_schema`,
 1 AS `locked_table_name`,
 1 AS `locked_table_partition`,
 1 AS `locked_table_subpartition`,
 1 AS `locked_index`,
 1 AS `locked_type`,
 1 AS `waiting_trx_id`,
 1 AS `waiting_trx_started`,
 1 AS `waiting_trx_age`,
 1 AS `waiting_trx_rows_locked`,
 1 AS `waiting_trx_rows_modified`,
 1 AS `waiting_pid`,
 1 AS `waiting_query`,
 1 AS `waiting_lock_id`,
 1 AS `waiting_lock_mode`,
 1 AS `blocking_trx_id`,
 1 AS `blocking_pid`,
 1 AS `blocking_query`,
 1 AS `blocking_lock_id`,
 1 AS `blocking_lock_mode`,
 1 AS `blocking_trx_started`,
 1 AS `blocking_trx_age`,
 1 AS `blocking_trx_rows_locked`,
 1 AS `blocking_trx_rows_modified`,
 1 AS `sql_kill_blocking_query`,
 1 AS `sql_kill_blocking_connection`*/;
SET character_set_client = @saved_cs_client;

--
-- Temporary view structure for view `x$io_by_thread_by_latency`
--

DROP TABLE IF EXISTS `x$io_by_thread_by_latency`;
/*!50001 DROP VIEW IF EXISTS `x$io_by_thread_by_latency`*/;
SET @saved_cs_client     = @@character_set_client;
/*!50503 SET character_set_client = utf8mb4 */;
/*!50001 CREATE VIEW `x$io_by_thread_by_latency` AS SELECT 
 1 AS `user`,
 1 AS `total`,
 1 AS `total_latency`,
 1 AS `min_latency`,
 1 AS `avg_latency`,
 1 AS `max_latency`,
 1 AS `thread_id`,
 1 AS `processlist_id`*/;
SET character_set_client = @saved_cs_client;

--
-- Temporary view structure for view `x$io_global_by_file_by_bytes`
--

DROP TABLE IF EXISTS `x$io_global_by_file_by_bytes`;
/*!50001 DROP VIEW IF EXISTS `x$io_global_by_file_by_bytes`*/;
SET @saved_cs_client     = @@character_set_client;
/*!50503 SET character_set_client = utf8mb4 */;
/*!50001 CREATE VIEW `x$io_global_by_file_by_bytes` AS SELECT 
 1 AS `file`,
 1 AS `count_read`,
 1 AS `total_read`,
 1 AS `avg_read`,
 1 AS `count_write`,
 1 AS `total_written`,
 1 AS `avg_write`,
 1 AS `total`,
 1 AS `write_pct`*/;
SET character_set_client = @saved_cs_client;

--
-- Temporary view structure for view `x$io_global_by_file_by_latency`
--

DROP TABLE IF EXISTS `x$io_global_by_file_by_latency`;
/*!50001 DROP VIEW IF EXISTS `x$io_global_by_file_by_latency`*/;
SET @saved_cs_client     = @@character_set_client;
/*!50503 SET character_set_client = utf8mb4 */;
/*!50001 CREATE VIEW `x$io_global_by_file_by_latency` AS SELECT 
 1 AS `file`,
 1 AS `total`,
 1 AS `total_latency`,
 1 AS `count_read`,
 1 AS `read_latency`,
 1 AS `count_write`,
 1 AS `write_latency`,
 1 AS `count_misc`,
 1 AS `misc_latency`*/;
SET character_set_client = @saved_cs_client;

--
-- Temporary view structure for view `x$io_global_by_wait_by_bytes`
--

DROP TABLE IF EXISTS `x$io_global_by_wait_by_bytes`;
/*!50001 DROP VIEW IF EXISTS `x$io_global_by_wait_by_bytes`*/;
SET @saved_cs_client     = @@character_set_client;
/*!50503 SET character_set_client = utf8mb4 */;
/*!50001 CREATE VIEW `x$io_global_by_wait_by_bytes` AS SELECT 
 1 AS `event_name`,
 1 AS `total`,
 1 AS `total_latency`,
 1 AS `min_latency`,
 1 AS `avg_latency`,
 1 AS `max_latency`,
 1 AS `count_read`,
 1 AS `total_read`,
 1 AS `avg_read`,
 1 AS `count_write`,
 1 AS `total_written`,
 1 AS `avg_written`,
 1 AS `total_requested`*/;
SET character_set_client = @saved_cs_client;

--
-- Temporary view structure for view `x$io_global_by_wait_by_latency`
--

DROP TABLE IF EXISTS `x$io_global_by_wait_by_latency`;
/*!50001 DROP VIEW IF EXISTS `x$io_global_by_wait_by_latency`*/;
SET @saved_cs_client     = @@character_set_client;
/*!50503 SET character_set_client = utf8mb4 */;
/*!50001 CREATE VIEW `x$io_global_by_wait_by_latency` AS SELECT 
 1 AS `event_name`,
 1 AS `total`,
 1 AS `total_latency`,
 1 AS `avg_latency`,
 1 AS `max_latency`,
 1 AS `read_latency`,
 1 AS `write_latency`,
 1 AS `misc_latency`,
 1 AS `count_read`,
 1 AS `total_read`,
 1 AS `avg_read`,
 1 AS `count_write`,
 1 AS `total_written`,
 1 AS `avg_written`*/;
SET character_set_client = @saved_cs_client;

--
-- Temporary view structure for view `x$latest_file_io`
--

DROP TABLE IF EXISTS `x$latest_file_io`;
/*!50001 DROP VIEW IF EXISTS `x$latest_file_io`*/;
SET @saved_cs_client     = @@character_set_client;
/*!50503 SET character_set_client = utf8mb4 */;
/*!50001 CREATE VIEW `x$latest_file_io` AS SELECT 
 1 AS `thread`,
 1 AS `file`,
 1 AS `latency`,
 1 AS `operation`,
 1 AS `requested`*/;
SET character_set_client = @saved_cs_client;

--
-- Temporary view structure for view `x$memory_by_host_by_current_bytes`
--

DROP TABLE IF EXISTS `x$memory_by_host_by_current_bytes`;
/*!50001 DROP VIEW IF EXISTS `x$memory_by_host_by_current_bytes`*/;
SET @saved_cs_client     = @@character_set_client;
/*!50503 SET character_set_client = utf8mb4 */;
/*!50001 CREATE VIEW `x$memory_by_host_by_current_bytes` AS SELECT 
 1 AS `host`,
 1 AS `current_count_used`,
 1 AS `current_allocated`,
 1 AS `current_avg_alloc`,
 1 AS `current_max_alloc`,
 1 AS `total_allocated`*/;
SET character_set_client = @saved_cs_client;

--
-- Temporary view structure for view `x$memory_by_thread_by_current_bytes`
--

DROP TABLE IF EXISTS `x$memory_by_thread_by_current_bytes`;
/*!50001 DROP VIEW IF EXISTS `x$memory_by_thread_by_current_bytes`*/;
SET @saved_cs_client     = @@character_set_client;
/*!50503 SET character_set_client = utf8mb4 */;
/*!50001 CREATE VIEW `x$memory_by_thread_by_current_bytes` AS SELECT 
 1 AS `thread_id`,
 1 AS `user`,
 1 AS `current_count_used`,
 1 AS `current_allocated`,
 1 AS `current_avg_alloc`,
 1 AS `current_max_alloc`,
 1 AS `total_allocated`*/;
SET character_set_client = @saved_cs_client;

--
-- Temporary view structure for view `x$memory_by_user_by_current_bytes`
--

DROP TABLE IF EXISTS `x$memory_by_user_by_current_bytes`;
/*!50001 DROP VIEW IF EXISTS `x$memory_by_user_by_current_bytes`*/;
SET @saved_cs_client     = @@character_set_client;
/*!50503 SET character_set_client = utf8mb4 */;
/*!50001 CREATE VIEW `x$memory_by_user_by_current_bytes` AS SELECT 
 1 AS `user`,
 1 AS `current_count_used`,
 1 AS `current_allocated`,
 1 AS `current_avg_alloc`,
 1 AS `current_max_alloc`,
 1 AS `total_allocated`*/;
SET character_set_client = @saved_cs_client;

--
-- Temporary view structure for view `x$memory_global_by_current_bytes`
--

DROP TABLE IF EXISTS `x$memory_global_by_current_bytes`;
/*!50001 DROP VIEW IF EXISTS `x$memory_global_by_current_bytes`*/;
SET @saved_cs_client     = @@character_set_client;
/*!50503 SET character_set_client = utf8mb4 */;
/*!50001 CREATE VIEW `x$memory_global_by_current_bytes` AS SELECT 
 1 AS `event_name`,
 1 AS `current_count`,
 1 AS `current_alloc`,
 1 AS `current_avg_alloc`,
 1 AS `high_count`,
 1 AS `high_alloc`,
 1 AS `high_avg_alloc`*/;
SET character_set_client = @saved_cs_client;

--
-- Temporary view structure for view `x$memory_global_total`
--

DROP TABLE IF EXISTS `x$memory_global_total`;
/*!50001 DROP VIEW IF EXISTS `x$memory_global_total`*/;
SET @saved_cs_client     = @@character_set_client;
/*!50503 SET character_set_client = utf8mb4 */;
/*!50001 CREATE VIEW `x$memory_global_total` AS SELECT 
 1 AS `total_allocated`*/;
SET character_set_client = @saved_cs_client;

--
-- Temporary view structure for view `x$processlist`
--

DROP TABLE IF EXISTS `x$processlist`;
/*!50001 DROP VIEW IF EXISTS `x$processlist`*/;
SET @saved_cs_client     = @@character_set_client;
/*!50503 SET character_set_client = utf8mb4 */;
/*!50001 CREATE VIEW `x$processlist` AS SELECT 
 1 AS `thd_id`,
 1 AS `conn_id`,
 1 AS `user`,
 1 AS `db`,
 1 AS `command`,
 1 AS `state`,
 1 AS `time`,
 1 AS `current_statement`,
 1 AS `statement_latency`,
 1 AS `progress`,
 1 AS `lock_latency`,
 1 AS `rows_examined`,
 1 AS `rows_sent`,
 1 AS `rows_affected`,
 1 AS `tmp_tables`,
 1 AS `tmp_disk_tables`,
 1 AS `full_scan`,
 1 AS `last_statement`,
 1 AS `last_statement_latency`,
 1 AS `current_memory`,
 1 AS `last_wait`,
 1 AS `last_wait_latency`,
 1 AS `source`,
 1 AS `trx_latency`,
 1 AS `trx_state`,
 1 AS `trx_autocommit`,
 1 AS `pid`,
 1 AS `program_name`*/;
SET character_set_client = @saved_cs_client;

--
-- Temporary view structure for view `x$ps_digest_95th_percentile_by_avg_us`
--

DROP TABLE IF EXISTS `x$ps_digest_95th_percentile_by_avg_us`;
/*!50001 DROP VIEW IF EXISTS `x$ps_digest_95th_percentile_by_avg_us`*/;
SET @saved_cs_client     = @@character_set_client;
/*!50503 SET character_set_client = utf8mb4 */;
/*!50001 CREATE VIEW `x$ps_digest_95th_percentile_by_avg_us` AS SELECT 
 1 AS `avg_us`,
 1 AS `percentile`*/;
SET character_set_client = @saved_cs_client;

--
-- Temporary view structure for view `x$ps_digest_avg_latency_distribution`
--

DROP TABLE IF EXISTS `x$ps_digest_avg_latency_distribution`;
/*!50001 DROP VIEW IF EXISTS `x$ps_digest_avg_latency_distribution`*/;
SET @saved_cs_client     = @@character_set_client;
/*!50503 SET character_set_client = utf8mb4 */;
/*!50001 CREATE VIEW `x$ps_digest_avg_latency_distribution` AS SELECT 
 1 AS `cnt`,
 1 AS `avg_us`*/;
SET character_set_client = @saved_cs_client;

--
-- Temporary view structure for view `x$ps_schema_table_statistics_io`
--

DROP TABLE IF EXISTS `x$ps_schema_table_statistics_io`;
/*!50001 DROP VIEW IF EXISTS `x$ps_schema_table_statistics_io`*/;
SET @saved_cs_client     = @@character_set_client;
/*!50503 SET character_set_client = utf8mb4 */;
/*!50001 CREATE VIEW `x$ps_schema_table_statistics_io` AS SELECT 
 1 AS `table_schema`,
 1 AS `table_name`,
 1 AS `count_read`,
 1 AS `sum_number_of_bytes_read`,
 1 AS `sum_timer_read`,
 1 AS `count_write`,
 1 AS `sum_number_of_bytes_write`,
 1 AS `sum_timer_write`,
 1 AS `count_misc`,
 1 AS `sum_timer_misc`*/;
SET character_set_client = @saved_cs_client;

--
-- Temporary view structure for view `x$schema_flattened_keys`
--

DROP TABLE IF EXISTS `x$schema_flattened_keys`;
/*!50001 DROP VIEW IF EXISTS `x$schema_flattened_keys`*/;
SET @saved_cs_client     = @@character_set_client;
/*!50503 SET character_set_client = utf8mb4 */;
/*!50001 CREATE VIEW `x$schema_flattened_keys` AS SELECT 
 1 AS `table_schema`,
 1 AS `table_name`,
 1 AS `index_name`,
 1 AS `non_unique`,
 1 AS `subpart_exists`,
 1 AS `index_columns`*/;
SET character_set_client = @saved_cs_client;

--
-- Temporary view structure for view `x$schema_index_statistics`
--

DROP TABLE IF EXISTS `x$schema_index_statistics`;
/*!50001 DROP VIEW IF EXISTS `x$schema_index_statistics`*/;
SET @saved_cs_client     = @@character_set_client;
/*!50503 SET character_set_client = utf8mb4 */;
/*!50001 CREATE VIEW `x$schema_index_statistics` AS SELECT 
 1 AS `table_schema`,
 1 AS `table_name`,
 1 AS `index_name`,
 1 AS `rows_selected`,
 1 AS `select_latency`,
 1 AS `rows_inserted`,
 1 AS `insert_latency`,
 1 AS `rows_updated`,
 1 AS `update_latency`,
 1 AS `rows_deleted`,
 1 AS `delete_latency`*/;
SET character_set_client = @saved_cs_client;

--
-- Temporary view structure for view `x$schema_table_lock_waits`
--

DROP TABLE IF EXISTS `x$schema_table_lock_waits`;
/*!50001 DROP VIEW IF EXISTS `x$schema_table_lock_waits`*/;
SET @saved_cs_client     = @@character_set_client;
/*!50503 SET character_set_client = utf8mb4 */;
/*!50001 CREATE VIEW `x$schema_table_lock_waits` AS SELECT 
 1 AS `object_schema`,
 1 AS `object_name`,
 1 AS `waiting_thread_id`,
 1 AS `waiting_pid`,
 1 AS `waiting_account`,
 1 AS `waiting_lock_type`,
 1 AS `waiting_lock_duration`,
 1 AS `waiting_query`,
 1 AS `waiting_query_secs`,
 1 AS `waiting_query_rows_affected`,
 1 AS `waiting_query_rows_examined`,
 1 AS `blocking_thread_id`,
 1 AS `blocking_pid`,
 1 AS `blocking_account`,
 1 AS `blocking_lock_type`,
 1 AS `blocking_lock_duration`,
 1 AS `sql_kill_blocking_query`,
 1 AS `sql_kill_blocking_connection`*/;
SET character_set_client = @saved_cs_client;

--
-- Temporary view structure for view `x$schema_table_statistics`
--

DROP TABLE IF EXISTS `x$schema_table_statistics`;
/*!50001 DROP VIEW IF EXISTS `x$schema_table_statistics`*/;
SET @saved_cs_client     = @@character_set_client;
/*!50503 SET character_set_client = utf8mb4 */;
/*!50001 CREATE VIEW `x$schema_table_statistics` AS SELECT 
 1 AS `table_schema`,
 1 AS `table_name`,
 1 AS `total_latency`,
 1 AS `rows_fetched`,
 1 AS `fetch_latency`,
 1 AS `rows_inserted`,
 1 AS `insert_latency`,
 1 AS `rows_updated`,
 1 AS `update_latency`,
 1 AS `rows_deleted`,
 1 AS `delete_latency`,
 1 AS `io_read_requests`,
 1 AS `io_read`,
 1 AS `io_read_latency`,
 1 AS `io_write_requests`,
 1 AS `io_write`,
 1 AS `io_write_latency`,
 1 AS `io_misc_requests`,
 1 AS `io_misc_latency`*/;
SET character_set_client = @saved_cs_client;

--
-- Temporary view structure for view `x$schema_table_statistics_with_buffer`
--

DROP TABLE IF EXISTS `x$schema_table_statistics_with_buffer`;
/*!50001 DROP VIEW IF EXISTS `x$schema_table_statistics_with_buffer`*/;
SET @saved_cs_client     = @@character_set_client;
/*!50503 SET character_set_client = utf8mb4 */;
/*!50001 CREATE VIEW `x$schema_table_statistics_with_buffer` AS SELECT 
 1 AS `table_schema`,
 1 AS `table_name`,
 1 AS `rows_fetched`,
 1 AS `fetch_latency`,
 1 AS `rows_inserted`,
 1 AS `insert_latency`,
 1 AS `rows_updated`,
 1 AS `update_latency`,
 1 AS `rows_deleted`,
 1 AS `delete_latency`,
 1 AS `io_read_requests`,
 1 AS `io_read`,
 1 AS `io_read_latency`,
 1 AS `io_write_requests`,
 1 AS `io_write`,
 1 AS `io_write_latency`,
 1 AS `io_misc_requests`,
 1 AS `io_misc_latency`,
 1 AS `innodb_buffer_allocated`,
 1 AS `innodb_buffer_data`,
 1 AS `innodb_buffer_free`,
 1 AS `innodb_buffer_pages`,
 1 AS `innodb_buffer_pages_hashed`,
 1 AS `innodb_buffer_pages_old`,
 1 AS `innodb_buffer_rows_cached`*/;
SET character_set_client = @saved_cs_client;

--
-- Temporary view structure for view `x$schema_tables_with_full_table_scans`
--

DROP TABLE IF EXISTS `x$schema_tables_with_full_table_scans`;
/*!50001 DROP VIEW IF EXISTS `x$schema_tables_with_full_table_scans`*/;
SET @saved_cs_client     = @@character_set_client;
/*!50503 SET character_set_client = utf8mb4 */;
/*!50001 CREATE VIEW `x$schema_tables_with_full_table_scans` AS SELECT 
 1 AS `object_schema`,
 1 AS `object_name`,
 1 AS `rows_full_scanned`,
 1 AS `latency`*/;
SET character_set_client = @saved_cs_client;

--
-- Temporary view structure for view `x$session`
--

DROP TABLE IF EXISTS `x$session`;
/*!50001 DROP VIEW IF EXISTS `x$session`*/;
SET @saved_cs_client     = @@character_set_client;
/*!50503 SET character_set_client = utf8mb4 */;
/*!50001 CREATE VIEW `x$session` AS SELECT 
 1 AS `thd_id`,
 1 AS `conn_id`,
 1 AS `user`,
 1 AS `db`,
 1 AS `command`,
 1 AS `state`,
 1 AS `time`,
 1 AS `current_statement`,
 1 AS `statement_latency`,
 1 AS `progress`,
 1 AS `lock_latency`,
 1 AS `rows_examined`,
 1 AS `rows_sent`,
 1 AS `rows_affected`,
 1 AS `tmp_tables`,
 1 AS `tmp_disk_tables`,
 1 AS `full_scan`,
 1 AS `last_statement`,
 1 AS `last_statement_latency`,
 1 AS `current_memory`,
 1 AS `last_wait`,
 1 AS `last_wait_latency`,
 1 AS `source`,
 1 AS `trx_latency`,
 1 AS `trx_state`,
 1 AS `trx_autocommit`,
 1 AS `pid`,
 1 AS `program_name`*/;
SET character_set_client = @saved_cs_client;

--
-- Temporary view structure for view `x$statement_analysis`
--

DROP TABLE IF EXISTS `x$statement_analysis`;
/*!50001 DROP VIEW IF EXISTS `x$statement_analysis`*/;
SET @saved_cs_client     = @@character_set_client;
/*!50503 SET character_set_client = utf8mb4 */;
/*!50001 CREATE VIEW `x$statement_analysis` AS SELECT 
 1 AS `query`,
 1 AS `db`,
 1 AS `full_scan`,
 1 AS `exec_count`,
 1 AS `err_count`,
 1 AS `warn_count`,
 1 AS `total_latency`,
 1 AS `max_latency`,
 1 AS `avg_latency`,
 1 AS `lock_latency`,
 1 AS `rows_sent`,
 1 AS `rows_sent_avg`,
 1 AS `rows_examined`,
 1 AS `rows_examined_avg`,
 1 AS `rows_affected`,
 1 AS `rows_affected_avg`,
 1 AS `tmp_tables`,
 1 AS `tmp_disk_tables`,
 1 AS `rows_sorted`,
 1 AS `sort_merge_passes`,
 1 AS `digest`,
 1 AS `first_seen`,
 1 AS `last_seen`*/;
SET character_set_client = @saved_cs_client;

--
-- Temporary view structure for view `x$statements_with_errors_or_warnings`
--

DROP TABLE IF EXISTS `x$statements_with_errors_or_warnings`;
/*!50001 DROP VIEW IF EXISTS `x$statements_with_errors_or_warnings`*/;
SET @saved_cs_client     = @@character_set_client;
/*!50503 SET character_set_client = utf8mb4 */;
/*!50001 CREATE VIEW `x$statements_with_errors_or_warnings` AS SELECT 
 1 AS `query`,
 1 AS `db`,
 1 AS `exec_count`,
 1 AS `errors`,
 1 AS `error_pct`,
 1 AS `warnings`,
 1 AS `warning_pct`,
 1 AS `first_seen`,
 1 AS `last_seen`,
 1 AS `digest`*/;
SET character_set_client = @saved_cs_client;

--
-- Temporary view structure for view `x$statements_with_full_table_scans`
--

DROP TABLE IF EXISTS `x$statements_with_full_table_scans`;
/*!50001 DROP VIEW IF EXISTS `x$statements_with_full_table_scans`*/;
SET @saved_cs_client     = @@character_set_client;
/*!50503 SET character_set_client = utf8mb4 */;
/*!50001 CREATE VIEW `x$statements_with_full_table_scans` AS SELECT 
 1 AS `query`,
 1 AS `db`,
 1 AS `exec_count`,
 1 AS `total_latency`,
 1 AS `no_index_used_count`,
 1 AS `no_good_index_used_count`,
 1 AS `no_index_used_pct`,
 1 AS `rows_sent`,
 1 AS `rows_examined`,
 1 AS `rows_sent_avg`,
 1 AS `rows_examined_avg`,
 1 AS `first_seen`,
 1 AS `last_seen`,
 1 AS `digest`*/;
SET character_set_client = @saved_cs_client;

--
-- Temporary view structure for view `x$statements_with_runtimes_in_95th_percentile`
--

DROP TABLE IF EXISTS `x$statements_with_runtimes_in_95th_percentile`;
/*!50001 DROP VIEW IF EXISTS `x$statements_with_runtimes_in_95th_percentile`*/;
SET @saved_cs_client     = @@character_set_client;
/*!50503 SET character_set_client = utf8mb4 */;
/*!50001 CREATE VIEW `x$statements_with_runtimes_in_95th_percentile` AS SELECT 
 1 AS `query`,
 1 AS `db`,
 1 AS `full_scan`,
 1 AS `exec_count`,
 1 AS `err_count`,
 1 AS `warn_count`,
 1 AS `total_latency`,
 1 AS `max_latency`,
 1 AS `avg_latency`,
 1 AS `rows_sent`,
 1 AS `rows_sent_avg`,
 1 AS `rows_examined`,
 1 AS `rows_examined_avg`,
 1 AS `first_seen`,
 1 AS `last_seen`,
 1 AS `digest`*/;
SET character_set_client = @saved_cs_client;

--
-- Temporary view structure for view `x$statements_with_sorting`
--

DROP TABLE IF EXISTS `x$statements_with_sorting`;
/*!50001 DROP VIEW IF EXISTS `x$statements_with_sorting`*/;
SET @saved_cs_client     = @@character_set_client;
/*!50503 SET character_set_client = utf8mb4 */;
/*!50001 CREATE VIEW `x$statements_with_sorting` AS SELECT 
 1 AS `query`,
 1 AS `db`,
 1 AS `exec_count`,
 1 AS `total_latency`,
 1 AS `sort_merge_passes`,
 1 AS `avg_sort_merges`,
 1 AS `sorts_using_scans`,
 1 AS `sort_using_range`,
 1 AS `rows_sorted`,
 1 AS `avg_rows_sorted`,
 1 AS `first_seen`,
 1 AS `last_seen`,
 1 AS `digest`*/;
SET character_set_client = @saved_cs_client;

--
-- Temporary view structure for view `x$statements_with_temp_tables`
--

DROP TABLE IF EXISTS `x$statements_with_temp_tables`;
/*!50001 DROP VIEW IF EXISTS `x$statements_with_temp_tables`*/;
SET @saved_cs_client     = @@character_set_client;
/*!50503 SET character_set_client = utf8mb4 */;
/*!50001 CREATE VIEW `x$statements_with_temp_tables` AS SELECT 
 1 AS `query`,
 1 AS `db`,
 1 AS `exec_count`,
 1 AS `total_latency`,
 1 AS `memory_tmp_tables`,
 1 AS `disk_tmp_tables`,
 1 AS `avg_tmp_tables_per_query`,
 1 AS `tmp_tables_to_disk_pct`,
 1 AS `first_seen`,
 1 AS `last_seen`,
 1 AS `digest`*/;
SET character_set_client = @saved_cs_client;

--
-- Temporary view structure for view `x$user_summary`
--

DROP TABLE IF EXISTS `x$user_summary`;
/*!50001 DROP VIEW IF EXISTS `x$user_summary`*/;
SET @saved_cs_client     = @@character_set_client;
/*!50503 SET character_set_client = utf8mb4 */;
/*!50001 CREATE VIEW `x$user_summary` AS SELECT 
 1 AS `user`,
 1 AS `statements`,
 1 AS `statement_latency`,
 1 AS `statement_avg_latency`,
 1 AS `table_scans`,
 1 AS `file_ios`,
 1 AS `file_io_latency`,
 1 AS `current_connections`,
 1 AS `total_connections`,
 1 AS `unique_hosts`,
 1 AS `current_memory`,
 1 AS `total_memory_allocated`*/;
SET character_set_client = @saved_cs_client;

--
-- Temporary view structure for view `x$user_summary_by_file_io`
--

DROP TABLE IF EXISTS `x$user_summary_by_file_io`;
/*!50001 DROP VIEW IF EXISTS `x$user_summary_by_file_io`*/;
SET @saved_cs_client     = @@character_set_client;
/*!50503 SET character_set_client = utf8mb4 */;
/*!50001 CREATE VIEW `x$user_summary_by_file_io` AS SELECT 
 1 AS `user`,
 1 AS `ios`,
 1 AS `io_latency`*/;
SET character_set_client = @saved_cs_client;

--
-- Temporary view structure for view `x$user_summary_by_file_io_type`
--

DROP TABLE IF EXISTS `x$user_summary_by_file_io_type`;
/*!50001 DROP VIEW IF EXISTS `x$user_summary_by_file_io_type`*/;
SET @saved_cs_client     = @@character_set_client;
/*!50503 SET character_set_client = utf8mb4 */;
/*!50001 CREATE VIEW `x$user_summary_by_file_io_type` AS SELECT 
 1 AS `user`,
 1 AS `event_name`,
 1 AS `total`,
 1 AS `latency`,
 1 AS `max_latency`*/;
SET character_set_client = @saved_cs_client;

--
-- Temporary view structure for view `x$user_summary_by_stages`
--

DROP TABLE IF EXISTS `x$user_summary_by_stages`;
/*!50001 DROP VIEW IF EXISTS `x$user_summary_by_stages`*/;
SET @saved_cs_client     = @@character_set_client;
/*!50503 SET character_set_client = utf8mb4 */;
/*!50001 CREATE VIEW `x$user_summary_by_stages` AS SELECT 
 1 AS `user`,
 1 AS `event_name`,
 1 AS `total`,
 1 AS `total_latency`,
 1 AS `avg_latency`*/;
SET character_set_client = @saved_cs_client;

--
-- Temporary view structure for view `x$user_summary_by_statement_latency`
--

DROP TABLE IF EXISTS `x$user_summary_by_statement_latency`;
/*!50001 DROP VIEW IF EXISTS `x$user_summary_by_statement_latency`*/;
SET @saved_cs_client     = @@character_set_client;
/*!50503 SET character_set_client = utf8mb4 */;
/*!50001 CREATE VIEW `x$user_summary_by_statement_latency` AS SELECT 
 1 AS `user`,
 1 AS `total`,
 1 AS `total_latency`,
 1 AS `max_latency`,
 1 AS `lock_latency`,
 1 AS `rows_sent`,
 1 AS `rows_examined`,
 1 AS `rows_affected`,
 1 AS `full_scans`*/;
SET character_set_client = @saved_cs_client;

--
-- Temporary view structure for view `x$user_summary_by_statement_type`
--

DROP TABLE IF EXISTS `x$user_summary_by_statement_type`;
/*!50001 DROP VIEW IF EXISTS `x$user_summary_by_statement_type`*/;
SET @saved_cs_client     = @@character_set_client;
/*!50503 SET character_set_client = utf8mb4 */;
/*!50001 CREATE VIEW `x$user_summary_by_statement_type` AS SELECT 
 1 AS `user`,
 1 AS `statement`,
 1 AS `total`,
 1 AS `total_latency`,
 1 AS `max_latency`,
 1 AS `lock_latency`,
 1 AS `rows_sent`,
 1 AS `rows_examined`,
 1 AS `rows_affected`,
 1 AS `full_scans`*/;
SET character_set_client = @saved_cs_client;

--
-- Temporary view structure for view `x$wait_classes_global_by_avg_latency`
--

DROP TABLE IF EXISTS `x$wait_classes_global_by_avg_latency`;
/*!50001 DROP VIEW IF EXISTS `x$wait_classes_global_by_avg_latency`*/;
SET @saved_cs_client     = @@character_set_client;
/*!50503 SET character_set_client = utf8mb4 */;
/*!50001 CREATE VIEW `x$wait_classes_global_by_avg_latency` AS SELECT 
 1 AS `event_class`,
 1 AS `total`,
 1 AS `total_latency`,
 1 AS `min_latency`,
 1 AS `avg_latency`,
 1 AS `max_latency`*/;
SET character_set_client = @saved_cs_client;

--
-- Temporary view structure for view `x$wait_classes_global_by_latency`
--

DROP TABLE IF EXISTS `x$wait_classes_global_by_latency`;
/*!50001 DROP VIEW IF EXISTS `x$wait_classes_global_by_latency`*/;
SET @saved_cs_client     = @@character_set_client;
/*!50503 SET character_set_client = utf8mb4 */;
/*!50001 CREATE VIEW `x$wait_classes_global_by_latency` AS SELECT 
 1 AS `event_class`,
 1 AS `total`,
 1 AS `total_latency`,
 1 AS `min_latency`,
 1 AS `avg_latency`,
 1 AS `max_latency`*/;
SET character_set_client = @saved_cs_client;

--
-- Temporary view structure for view `x$waits_by_host_by_latency`
--

DROP TABLE IF EXISTS `x$waits_by_host_by_latency`;
/*!50001 DROP VIEW IF EXISTS `x$waits_by_host_by_latency`*/;
SET @saved_cs_client     = @@character_set_client;
/*!50503 SET character_set_client = utf8mb4 */;
/*!50001 CREATE VIEW `x$waits_by_host_by_latency` AS SELECT 
 1 AS `host`,
 1 AS `event`,
 1 AS `total`,
 1 AS `total_latency`,
 1 AS `avg_latency`,
 1 AS `max_latency`*/;
SET character_set_client = @saved_cs_client;

--
-- Temporary view structure for view `x$waits_by_user_by_latency`
--

DROP TABLE IF EXISTS `x$waits_by_user_by_latency`;
/*!50001 DROP VIEW IF EXISTS `x$waits_by_user_by_latency`*/;
SET @saved_cs_client     = @@character_set_client;
/*!50503 SET character_set_client = utf8mb4 */;
/*!50001 CREATE VIEW `x$waits_by_user_by_latency` AS SELECT 
 1 AS `user`,
 1 AS `event`,
 1 AS `total`,
 1 AS `total_latency`,
 1 AS `avg_latency`,
 1 AS `max_latency`*/;
SET character_set_client = @saved_cs_client;

--
-- Temporary view structure for view `x$waits_global_by_latency`
--

DROP TABLE IF EXISTS `x$waits_global_by_latency`;
/*!50001 DROP VIEW IF EXISTS `x$waits_global_by_latency`*/;
SET @saved_cs_client     = @@character_set_client;
/*!50503 SET character_set_client = utf8mb4 */;
/*!50001 CREATE VIEW `x$waits_global_by_latency` AS SELECT 
 1 AS `events`,
 1 AS `total`,
 1 AS `total_latency`,
 1 AS `avg_latency`,
 1 AS `max_latency`*/;
SET character_set_client = @saved_cs_client;

--
-- Final view structure for view `host_summary`
--

/*!50001 DROP VIEW IF EXISTS `host_summary`*/;
/*!50001 SET @saved_cs_client          = @@character_set_client */;
/*!50001 SET @saved_cs_results         = @@character_set_results */;
/*!50001 SET @saved_col_connection     = @@collation_connection */;
/*!50001 SET character_set_client      = utf8mb4 */;
/*!50001 SET character_set_results     = utf8mb4 */;
/*!50001 SET collation_connection      = utf8_general_ci */;
/*!50001 CREATE ALGORITHM=UNDEFINED */
/*!50013 DEFINER=`admin`@`%` SQL SECURITY DEFINER */
/*!50001 VIEW `host_summary` AS select 1 AS `host`,1 AS `statements`,1 AS `statement_latency`,1 AS `statement_avg_latency`,1 AS `table_scans`,1 AS `file_ios`,1 AS `file_io_latency`,1 AS `current_connections`,1 AS `total_connections`,1 AS `unique_users`,1 AS `current_memory`,1 AS `total_memory_allocated` */;
/*!50001 SET character_set_client      = @saved_cs_client */;
/*!50001 SET character_set_results     = @saved_cs_results */;
/*!50001 SET collation_connection      = @saved_col_connection */;

--
-- Final view structure for view `host_summary_by_file_io`
--

/*!50001 DROP VIEW IF EXISTS `host_summary_by_file_io`*/;
/*!50001 SET @saved_cs_client          = @@character_set_client */;
/*!50001 SET @saved_cs_results         = @@character_set_results */;
/*!50001 SET @saved_col_connection     = @@collation_connection */;
/*!50001 SET character_set_client      = utf8mb4 */;
/*!50001 SET character_set_results     = utf8mb4 */;
/*!50001 SET collation_connection      = utf8_general_ci */;
/*!50001 CREATE ALGORITHM=UNDEFINED */
/*!50013 DEFINER=`admin`@`%` SQL SECURITY DEFINER */
/*!50001 VIEW `host_summary_by_file_io` AS select 1 AS `host`,1 AS `ios`,1 AS `io_latency` */;
/*!50001 SET character_set_client      = @saved_cs_client */;
/*!50001 SET character_set_results     = @saved_cs_results */;
/*!50001 SET collation_connection      = @saved_col_connection */;

--
-- Final view structure for view `host_summary_by_file_io_type`
--

/*!50001 DROP VIEW IF EXISTS `host_summary_by_file_io_type`*/;
/*!50001 SET @saved_cs_client          = @@character_set_client */;
/*!50001 SET @saved_cs_results         = @@character_set_results */;
/*!50001 SET @saved_col_connection     = @@collation_connection */;
/*!50001 SET character_set_client      = utf8mb4 */;
/*!50001 SET character_set_results     = utf8mb4 */;
/*!50001 SET collation_connection      = utf8_general_ci */;
/*!50001 CREATE ALGORITHM=UNDEFINED */
/*!50013 DEFINER=`admin`@`%` SQL SECURITY DEFINER */
/*!50001 VIEW `host_summary_by_file_io_type` AS select 1 AS `host`,1 AS `event_name`,1 AS `total`,1 AS `total_latency`,1 AS `max_latency` */;
/*!50001 SET character_set_client      = @saved_cs_client */;
/*!50001 SET character_set_results     = @saved_cs_results */;
/*!50001 SET collation_connection      = @saved_col_connection */;

--
-- Final view structure for view `host_summary_by_stages`
--

/*!50001 DROP VIEW IF EXISTS `host_summary_by_stages`*/;
/*!50001 SET @saved_cs_client          = @@character_set_client */;
/*!50001 SET @saved_cs_results         = @@character_set_results */;
/*!50001 SET @saved_col_connection     = @@collation_connection */;
/*!50001 SET character_set_client      = utf8mb4 */;
/*!50001 SET character_set_results     = utf8mb4 */;
/*!50001 SET collation_connection      = utf8_general_ci */;
/*!50001 CREATE ALGORITHM=UNDEFINED */
/*!50013 DEFINER=`admin`@`%` SQL SECURITY DEFINER */
/*!50001 VIEW `host_summary_by_stages` AS select 1 AS `host`,1 AS `event_name`,1 AS `total`,1 AS `total_latency`,1 AS `avg_latency` */;
/*!50001 SET character_set_client      = @saved_cs_client */;
/*!50001 SET character_set_results     = @saved_cs_results */;
/*!50001 SET collation_connection      = @saved_col_connection */;

--
-- Final view structure for view `host_summary_by_statement_latency`
--

/*!50001 DROP VIEW IF EXISTS `host_summary_by_statement_latency`*/;
/*!50001 SET @saved_cs_client          = @@character_set_client */;
/*!50001 SET @saved_cs_results         = @@character_set_results */;
/*!50001 SET @saved_col_connection     = @@collation_connection */;
/*!50001 SET character_set_client      = utf8mb4 */;
/*!50001 SET character_set_results     = utf8mb4 */;
/*!50001 SET collation_connection      = utf8_general_ci */;
/*!50001 CREATE ALGORITHM=UNDEFINED */
/*!50013 DEFINER=`admin`@`%` SQL SECURITY DEFINER */
/*!50001 VIEW `host_summary_by_statement_latency` AS select 1 AS `host`,1 AS `total`,1 AS `total_latency`,1 AS `max_latency`,1 AS `lock_latency`,1 AS `rows_sent`,1 AS `rows_examined`,1 AS `rows_affected`,1 AS `full_scans` */;
/*!50001 SET character_set_client      = @saved_cs_client */;
/*!50001 SET character_set_results     = @saved_cs_results */;
/*!50001 SET collation_connection      = @saved_col_connection */;

--
-- Final view structure for view `host_summary_by_statement_type`
--

/*!50001 DROP VIEW IF EXISTS `host_summary_by_statement_type`*/;
/*!50001 SET @saved_cs_client          = @@character_set_client */;
/*!50001 SET @saved_cs_results         = @@character_set_results */;
/*!50001 SET @saved_col_connection     = @@collation_connection */;
/*!50001 SET character_set_client      = utf8mb4 */;
/*!50001 SET character_set_results     = utf8mb4 */;
/*!50001 SET collation_connection      = utf8_general_ci */;
/*!50001 CREATE ALGORITHM=UNDEFINED */
/*!50013 DEFINER=`admin`@`%` SQL SECURITY DEFINER */
/*!50001 VIEW `host_summary_by_statement_type` AS select 1 AS `host`,1 AS `statement`,1 AS `total`,1 AS `total_latency`,1 AS `max_latency`,1 AS `lock_latency`,1 AS `rows_sent`,1 AS `rows_examined`,1 AS `rows_affected`,1 AS `full_scans` */;
/*!50001 SET character_set_client      = @saved_cs_client */;
/*!50001 SET character_set_results     = @saved_cs_results */;
/*!50001 SET collation_connection      = @saved_col_connection */;

--
-- Final view structure for view `innodb_buffer_stats_by_schema`
--

/*!50001 DROP VIEW IF EXISTS `innodb_buffer_stats_by_schema`*/;
/*!50001 SET @saved_cs_client          = @@character_set_client */;
/*!50001 SET @saved_cs_results         = @@character_set_results */;
/*!50001 SET @saved_col_connection     = @@collation_connection */;
/*!50001 SET character_set_client      = utf8mb4 */;
/*!50001 SET character_set_results     = utf8mb4 */;
/*!50001 SET collation_connection      = utf8_general_ci */;
/*!50001 CREATE ALGORITHM=UNDEFINED */
/*!50013 DEFINER=`admin`@`%` SQL SECURITY DEFINER */
/*!50001 VIEW `innodb_buffer_stats_by_schema` AS select 1 AS `object_schema`,1 AS `allocated`,1 AS `data`,1 AS `pages`,1 AS `pages_hashed`,1 AS `pages_old`,1 AS `rows_cached` */;
/*!50001 SET character_set_client      = @saved_cs_client */;
/*!50001 SET character_set_results     = @saved_cs_results */;
/*!50001 SET collation_connection      = @saved_col_connection */;

--
-- Final view structure for view `innodb_buffer_stats_by_table`
--

/*!50001 DROP VIEW IF EXISTS `innodb_buffer_stats_by_table`*/;
/*!50001 SET @saved_cs_client          = @@character_set_client */;
/*!50001 SET @saved_cs_results         = @@character_set_results */;
/*!50001 SET @saved_col_connection     = @@collation_connection */;
/*!50001 SET character_set_client      = utf8mb4 */;
/*!50001 SET character_set_results     = utf8mb4 */;
/*!50001 SET collation_connection      = utf8_general_ci */;
/*!50001 CREATE ALGORITHM=UNDEFINED */
/*!50013 DEFINER=`admin`@`%` SQL SECURITY DEFINER */
/*!50001 VIEW `innodb_buffer_stats_by_table` AS select 1 AS `object_schema`,1 AS `object_name`,1 AS `allocated`,1 AS `data`,1 AS `pages`,1 AS `pages_hashed`,1 AS `pages_old`,1 AS `rows_cached` */;
/*!50001 SET character_set_client      = @saved_cs_client */;
/*!50001 SET character_set_results     = @saved_cs_results */;
/*!50001 SET collation_connection      = @saved_col_connection */;

--
-- Final view structure for view `innodb_lock_waits`
--

/*!50001 DROP VIEW IF EXISTS `innodb_lock_waits`*/;
/*!50001 SET @saved_cs_client          = @@character_set_client */;
/*!50001 SET @saved_cs_results         = @@character_set_results */;
/*!50001 SET @saved_col_connection     = @@collation_connection */;
/*!50001 SET character_set_client      = utf8mb4 */;
/*!50001 SET character_set_results     = utf8mb4 */;
/*!50001 SET collation_connection      = utf8_general_ci */;
/*!50001 CREATE ALGORITHM=UNDEFINED */
/*!50013 DEFINER=`admin`@`%` SQL SECURITY DEFINER */
/*!50001 VIEW `innodb_lock_waits` AS select 1 AS `wait_started`,1 AS `wait_age`,1 AS `wait_age_secs`,1 AS `locked_table`,1 AS `locked_table_schema`,1 AS `locked_table_name`,1 AS `locked_table_partition`,1 AS `locked_table_subpartition`,1 AS `locked_index`,1 AS `locked_type`,1 AS `waiting_trx_id`,1 AS `waiting_trx_started`,1 AS `waiting_trx_age`,1 AS `waiting_trx_rows_locked`,1 AS `waiting_trx_rows_modified`,1 AS `waiting_pid`,1 AS `waiting_query`,1 AS `waiting_lock_id`,1 AS `waiting_lock_mode`,1 AS `blocking_trx_id`,1 AS `blocking_pid`,1 AS `blocking_query`,1 AS `blocking_lock_id`,1 AS `blocking_lock_mode`,1 AS `blocking_trx_started`,1 AS `blocking_trx_age`,1 AS `blocking_trx_rows_locked`,1 AS `blocking_trx_rows_modified`,1 AS `sql_kill_blocking_query`,1 AS `sql_kill_blocking_connection` */;
/*!50001 SET character_set_client      = @saved_cs_client */;
/*!50001 SET character_set_results     = @saved_cs_results */;
/*!50001 SET collation_connection      = @saved_col_connection */;

--
-- Final view structure for view `io_by_thread_by_latency`
--

/*!50001 DROP VIEW IF EXISTS `io_by_thread_by_latency`*/;
/*!50001 SET @saved_cs_client          = @@character_set_client */;
/*!50001 SET @saved_cs_results         = @@character_set_results */;
/*!50001 SET @saved_col_connection     = @@collation_connection */;
/*!50001 SET character_set_client      = utf8mb4 */;
/*!50001 SET character_set_results     = utf8mb4 */;
/*!50001 SET collation_connection      = utf8_general_ci */;
/*!50001 CREATE ALGORITHM=UNDEFINED */
/*!50013 DEFINER=`admin`@`%` SQL SECURITY DEFINER */
/*!50001 VIEW `io_by_thread_by_latency` AS select 1 AS `user`,1 AS `total`,1 AS `total_latency`,1 AS `min_latency`,1 AS `avg_latency`,1 AS `max_latency`,1 AS `thread_id`,1 AS `processlist_id` */;
/*!50001 SET character_set_client      = @saved_cs_client */;
/*!50001 SET character_set_results     = @saved_cs_results */;
/*!50001 SET collation_connection      = @saved_col_connection */;

--
-- Final view structure for view `io_global_by_file_by_bytes`
--

/*!50001 DROP VIEW IF EXISTS `io_global_by_file_by_bytes`*/;
/*!50001 SET @saved_cs_client          = @@character_set_client */;
/*!50001 SET @saved_cs_results         = @@character_set_results */;
/*!50001 SET @saved_col_connection     = @@collation_connection */;
/*!50001 SET character_set_client      = utf8mb4 */;
/*!50001 SET character_set_results     = utf8mb4 */;
/*!50001 SET collation_connection      = utf8_general_ci */;
/*!50001 CREATE ALGORITHM=UNDEFINED */
/*!50013 DEFINER=`admin`@`%` SQL SECURITY DEFINER */
/*!50001 VIEW `io_global_by_file_by_bytes` AS select 1 AS `file`,1 AS `count_read`,1 AS `total_read`,1 AS `avg_read`,1 AS `count_write`,1 AS `total_written`,1 AS `avg_write`,1 AS `total`,1 AS `write_pct` */;
/*!50001 SET character_set_client      = @saved_cs_client */;
/*!50001 SET character_set_results     = @saved_cs_results */;
/*!50001 SET collation_connection      = @saved_col_connection */;

--
-- Final view structure for view `io_global_by_file_by_latency`
--

/*!50001 DROP VIEW IF EXISTS `io_global_by_file_by_latency`*/;
/*!50001 SET @saved_cs_client          = @@character_set_client */;
/*!50001 SET @saved_cs_results         = @@character_set_results */;
/*!50001 SET @saved_col_connection     = @@collation_connection */;
/*!50001 SET character_set_client      = utf8mb4 */;
/*!50001 SET character_set_results     = utf8mb4 */;
/*!50001 SET collation_connection      = utf8_general_ci */;
/*!50001 CREATE ALGORITHM=UNDEFINED */
/*!50013 DEFINER=`admin`@`%` SQL SECURITY DEFINER */
/*!50001 VIEW `io_global_by_file_by_latency` AS select 1 AS `file`,1 AS `total`,1 AS `total_latency`,1 AS `count_read`,1 AS `read_latency`,1 AS `count_write`,1 AS `write_latency`,1 AS `count_misc`,1 AS `misc_latency` */;
/*!50001 SET character_set_client      = @saved_cs_client */;
/*!50001 SET character_set_results     = @saved_cs_results */;
/*!50001 SET collation_connection      = @saved_col_connection */;

--
-- Final view structure for view `io_global_by_wait_by_bytes`
--

/*!50001 DROP VIEW IF EXISTS `io_global_by_wait_by_bytes`*/;
/*!50001 SET @saved_cs_client          = @@character_set_client */;
/*!50001 SET @saved_cs_results         = @@character_set_results */;
/*!50001 SET @saved_col_connection     = @@collation_connection */;
/*!50001 SET character_set_client      = utf8mb4 */;
/*!50001 SET character_set_results     = utf8mb4 */;
/*!50001 SET collation_connection      = utf8_general_ci */;
/*!50001 CREATE ALGORITHM=UNDEFINED */
/*!50013 DEFINER=`admin`@`%` SQL SECURITY DEFINER */
/*!50001 VIEW `io_global_by_wait_by_bytes` AS select 1 AS `event_name`,1 AS `total`,1 AS `total_latency`,1 AS `min_latency`,1 AS `avg_latency`,1 AS `max_latency`,1 AS `count_read`,1 AS `total_read`,1 AS `avg_read`,1 AS `count_write`,1 AS `total_written`,1 AS `avg_written`,1 AS `total_requested` */;
/*!50001 SET character_set_client      = @saved_cs_client */;
/*!50001 SET character_set_results     = @saved_cs_results */;
/*!50001 SET collation_connection      = @saved_col_connection */;

--
-- Final view structure for view `io_global_by_wait_by_latency`
--

/*!50001 DROP VIEW IF EXISTS `io_global_by_wait_by_latency`*/;
/*!50001 SET @saved_cs_client          = @@character_set_client */;
/*!50001 SET @saved_cs_results         = @@character_set_results */;
/*!50001 SET @saved_col_connection     = @@collation_connection */;
/*!50001 SET character_set_client      = utf8mb4 */;
/*!50001 SET character_set_results     = utf8mb4 */;
/*!50001 SET collation_connection      = utf8_general_ci */;
/*!50001 CREATE ALGORITHM=UNDEFINED */
/*!50013 DEFINER=`admin`@`%` SQL SECURITY DEFINER */
/*!50001 VIEW `io_global_by_wait_by_latency` AS select 1 AS `event_name`,1 AS `total`,1 AS `total_latency`,1 AS `avg_latency`,1 AS `max_latency`,1 AS `read_latency`,1 AS `write_latency`,1 AS `misc_latency`,1 AS `count_read`,1 AS `total_read`,1 AS `avg_read`,1 AS `count_write`,1 AS `total_written`,1 AS `avg_written` */;
/*!50001 SET character_set_client      = @saved_cs_client */;
/*!50001 SET character_set_results     = @saved_cs_results */;
/*!50001 SET collation_connection      = @saved_col_connection */;

--
-- Final view structure for view `latest_file_io`
--

/*!50001 DROP VIEW IF EXISTS `latest_file_io`*/;
/*!50001 SET @saved_cs_client          = @@character_set_client */;
/*!50001 SET @saved_cs_results         = @@character_set_results */;
/*!50001 SET @saved_col_connection     = @@collation_connection */;
/*!50001 SET character_set_client      = utf8mb4 */;
/*!50001 SET character_set_results     = utf8mb4 */;
/*!50001 SET collation_connection      = utf8_general_ci */;
/*!50001 CREATE ALGORITHM=UNDEFINED */
/*!50013 DEFINER=`admin`@`%` SQL SECURITY DEFINER */
/*!50001 VIEW `latest_file_io` AS select 1 AS `thread`,1 AS `file`,1 AS `latency`,1 AS `operation`,1 AS `requested` */;
/*!50001 SET character_set_client      = @saved_cs_client */;
/*!50001 SET character_set_results     = @saved_cs_results */;
/*!50001 SET collation_connection      = @saved_col_connection */;

--
-- Final view structure for view `memory_by_host_by_current_bytes`
--

/*!50001 DROP VIEW IF EXISTS `memory_by_host_by_current_bytes`*/;
/*!50001 SET @saved_cs_client          = @@character_set_client */;
/*!50001 SET @saved_cs_results         = @@character_set_results */;
/*!50001 SET @saved_col_connection     = @@collation_connection */;
/*!50001 SET character_set_client      = utf8mb4 */;
/*!50001 SET character_set_results     = utf8mb4 */;
/*!50001 SET collation_connection      = utf8_general_ci */;
/*!50001 CREATE ALGORITHM=UNDEFINED */
/*!50013 DEFINER=`admin`@`%` SQL SECURITY DEFINER */
/*!50001 VIEW `memory_by_host_by_current_bytes` AS select 1 AS `host`,1 AS `current_count_used`,1 AS `current_allocated`,1 AS `current_avg_alloc`,1 AS `current_max_alloc`,1 AS `total_allocated` */;
/*!50001 SET character_set_client      = @saved_cs_client */;
/*!50001 SET character_set_results     = @saved_cs_results */;
/*!50001 SET collation_connection      = @saved_col_connection */;

--
-- Final view structure for view `memory_by_thread_by_current_bytes`
--

/*!50001 DROP VIEW IF EXISTS `memory_by_thread_by_current_bytes`*/;
/*!50001 SET @saved_cs_client          = @@character_set_client */;
/*!50001 SET @saved_cs_results         = @@character_set_results */;
/*!50001 SET @saved_col_connection     = @@collation_connection */;
/*!50001 SET character_set_client      = utf8mb4 */;
/*!50001 SET character_set_results     = utf8mb4 */;
/*!50001 SET collation_connection      = utf8_general_ci */;
/*!50001 CREATE ALGORITHM=UNDEFINED */
/*!50013 DEFINER=`admin`@`%` SQL SECURITY DEFINER */
/*!50001 VIEW `memory_by_thread_by_current_bytes` AS select 1 AS `thread_id`,1 AS `user`,1 AS `current_count_used`,1 AS `current_allocated`,1 AS `current_avg_alloc`,1 AS `current_max_alloc`,1 AS `total_allocated` */;
/*!50001 SET character_set_client      = @saved_cs_client */;
/*!50001 SET character_set_results     = @saved_cs_results */;
/*!50001 SET collation_connection      = @saved_col_connection */;

--
-- Final view structure for view `memory_by_user_by_current_bytes`
--

/*!50001 DROP VIEW IF EXISTS `memory_by_user_by_current_bytes`*/;
/*!50001 SET @saved_cs_client          = @@character_set_client */;
/*!50001 SET @saved_cs_results         = @@character_set_results */;
/*!50001 SET @saved_col_connection     = @@collation_connection */;
/*!50001 SET character_set_client      = utf8mb4 */;
/*!50001 SET character_set_results     = utf8mb4 */;
/*!50001 SET collation_connection      = utf8_general_ci */;
/*!50001 CREATE ALGORITHM=UNDEFINED */
/*!50013 DEFINER=`admin`@`%` SQL SECURITY DEFINER */
/*!50001 VIEW `memory_by_user_by_current_bytes` AS select 1 AS `user`,1 AS `current_count_used`,1 AS `current_allocated`,1 AS `current_avg_alloc`,1 AS `current_max_alloc`,1 AS `total_allocated` */;
/*!50001 SET character_set_client      = @saved_cs_client */;
/*!50001 SET character_set_results     = @saved_cs_results */;
/*!50001 SET collation_connection      = @saved_col_connection */;

--
-- Final view structure for view `memory_global_by_current_bytes`
--

/*!50001 DROP VIEW IF EXISTS `memory_global_by_current_bytes`*/;
/*!50001 SET @saved_cs_client          = @@character_set_client */;
/*!50001 SET @saved_cs_results         = @@character_set_results */;
/*!50001 SET @saved_col_connection     = @@collation_connection */;
/*!50001 SET character_set_client      = utf8mb4 */;
/*!50001 SET character_set_results     = utf8mb4 */;
/*!50001 SET collation_connection      = utf8_general_ci */;
/*!50001 CREATE ALGORITHM=UNDEFINED */
/*!50013 DEFINER=`admin`@`%` SQL SECURITY DEFINER */
/*!50001 VIEW `memory_global_by_current_bytes` AS select 1 AS `event_name`,1 AS `current_count`,1 AS `current_alloc`,1 AS `current_avg_alloc`,1 AS `high_count`,1 AS `high_alloc`,1 AS `high_avg_alloc` */;
/*!50001 SET character_set_client      = @saved_cs_client */;
/*!50001 SET character_set_results     = @saved_cs_results */;
/*!50001 SET collation_connection      = @saved_col_connection */;

--
-- Final view structure for view `memory_global_total`
--

/*!50001 DROP VIEW IF EXISTS `memory_global_total`*/;
/*!50001 SET @saved_cs_client          = @@character_set_client */;
/*!50001 SET @saved_cs_results         = @@character_set_results */;
/*!50001 SET @saved_col_connection     = @@collation_connection */;
/*!50001 SET character_set_client      = utf8mb4 */;
/*!50001 SET character_set_results     = utf8mb4 */;
/*!50001 SET collation_connection      = utf8_general_ci */;
/*!50001 CREATE ALGORITHM=UNDEFINED */
/*!50013 DEFINER=`admin`@`%` SQL SECURITY DEFINER */
/*!50001 VIEW `memory_global_total` AS select 1 AS `total_allocated` */;
/*!50001 SET character_set_client      = @saved_cs_client */;
/*!50001 SET character_set_results     = @saved_cs_results */;
/*!50001 SET collation_connection      = @saved_col_connection */;

--
-- Final view structure for view `metrics`
--

/*!50001 DROP VIEW IF EXISTS `metrics`*/;
/*!50001 SET @saved_cs_client          = @@character_set_client */;
/*!50001 SET @saved_cs_results         = @@character_set_results */;
/*!50001 SET @saved_col_connection     = @@collation_connection */;
/*!50001 SET character_set_client      = utf8mb4 */;
/*!50001 SET character_set_results     = utf8mb4 */;
/*!50001 SET collation_connection      = utf8_general_ci */;
/*!50001 CREATE ALGORITHM=UNDEFINED */
/*!50013 DEFINER=`admin`@`%` SQL SECURITY DEFINER */
/*!50001 VIEW `metrics` AS select 1 AS `Variable_name`,1 AS `Variable_value`,1 AS `Type`,1 AS `Enabled` */;
/*!50001 SET character_set_client      = @saved_cs_client */;
/*!50001 SET character_set_results     = @saved_cs_results */;
/*!50001 SET collation_connection      = @saved_col_connection */;

--
-- Final view structure for view `processlist`
--

/*!50001 DROP VIEW IF EXISTS `processlist`*/;
/*!50001 SET @saved_cs_client          = @@character_set_client */;
/*!50001 SET @saved_cs_results         = @@character_set_results */;
/*!50001 SET @saved_col_connection     = @@collation_connection */;
/*!50001 SET character_set_client      = utf8mb4 */;
/*!50001 SET character_set_results     = utf8mb4 */;
/*!50001 SET collation_connection      = utf8_general_ci */;
/*!50001 CREATE ALGORITHM=UNDEFINED */
/*!50013 DEFINER=`admin`@`%` SQL SECURITY DEFINER */
/*!50001 VIEW `processlist` AS select 1 AS `thd_id`,1 AS `conn_id`,1 AS `user`,1 AS `db`,1 AS `command`,1 AS `state`,1 AS `time`,1 AS `current_statement`,1 AS `statement_latency`,1 AS `progress`,1 AS `lock_latency`,1 AS `rows_examined`,1 AS `rows_sent`,1 AS `rows_affected`,1 AS `tmp_tables`,1 AS `tmp_disk_tables`,1 AS `full_scan`,1 AS `last_statement`,1 AS `last_statement_latency`,1 AS `current_memory`,1 AS `last_wait`,1 AS `last_wait_latency`,1 AS `source`,1 AS `trx_latency`,1 AS `trx_state`,1 AS `trx_autocommit`,1 AS `pid`,1 AS `program_name` */;
/*!50001 SET character_set_client      = @saved_cs_client */;
/*!50001 SET character_set_results     = @saved_cs_results */;
/*!50001 SET collation_connection      = @saved_col_connection */;

--
-- Final view structure for view `ps_check_lost_instrumentation`
--

/*!50001 DROP VIEW IF EXISTS `ps_check_lost_instrumentation`*/;
/*!50001 SET @saved_cs_client          = @@character_set_client */;
/*!50001 SET @saved_cs_results         = @@character_set_results */;
/*!50001 SET @saved_col_connection     = @@collation_connection */;
/*!50001 SET character_set_client      = utf8mb4 */;
/*!50001 SET character_set_results     = utf8mb4 */;
/*!50001 SET collation_connection      = utf8_general_ci */;
/*!50001 CREATE ALGORITHM=UNDEFINED */
/*!50013 DEFINER=`admin`@`%` SQL SECURITY DEFINER */
/*!50001 VIEW `ps_check_lost_instrumentation` AS select 1 AS `variable_name`,1 AS `variable_value` */;
/*!50001 SET character_set_client      = @saved_cs_client */;
/*!50001 SET character_set_results     = @saved_cs_results */;
/*!50001 SET collation_connection      = @saved_col_connection */;

--
-- Final view structure for view `schema_auto_increment_columns`
--

/*!50001 DROP VIEW IF EXISTS `schema_auto_increment_columns`*/;
/*!50001 SET @saved_cs_client          = @@character_set_client */;
/*!50001 SET @saved_cs_results         = @@character_set_results */;
/*!50001 SET @saved_col_connection     = @@collation_connection */;
/*!50001 SET character_set_client      = utf8mb4 */;
/*!50001 SET character_set_results     = utf8mb4 */;
/*!50001 SET collation_connection      = utf8_general_ci */;
/*!50001 CREATE ALGORITHM=UNDEFINED */
/*!50013 DEFINER=`admin`@`%` SQL SECURITY DEFINER */
/*!50001 VIEW `schema_auto_increment_columns` AS select 1 AS `table_schema`,1 AS `table_name`,1 AS `column_name`,1 AS `data_type`,1 AS `column_type`,1 AS `is_signed`,1 AS `is_unsigned`,1 AS `max_value`,1 AS `auto_increment`,1 AS `auto_increment_ratio` */;
/*!50001 SET character_set_client      = @saved_cs_client */;
/*!50001 SET character_set_results     = @saved_cs_results */;
/*!50001 SET collation_connection      = @saved_col_connection */;

--
-- Final view structure for view `schema_index_statistics`
--

/*!50001 DROP VIEW IF EXISTS `schema_index_statistics`*/;
/*!50001 SET @saved_cs_client          = @@character_set_client */;
/*!50001 SET @saved_cs_results         = @@character_set_results */;
/*!50001 SET @saved_col_connection     = @@collation_connection */;
/*!50001 SET character_set_client      = utf8mb4 */;
/*!50001 SET character_set_results     = utf8mb4 */;
/*!50001 SET collation_connection      = utf8_general_ci */;
/*!50001 CREATE ALGORITHM=UNDEFINED */
/*!50013 DEFINER=`admin`@`%` SQL SECURITY DEFINER */
/*!50001 VIEW `schema_index_statistics` AS select 1 AS `table_schema`,1 AS `table_name`,1 AS `index_name`,1 AS `rows_selected`,1 AS `select_latency`,1 AS `rows_inserted`,1 AS `insert_latency`,1 AS `rows_updated`,1 AS `update_latency`,1 AS `rows_deleted`,1 AS `delete_latency` */;
/*!50001 SET character_set_client      = @saved_cs_client */;
/*!50001 SET character_set_results     = @saved_cs_results */;
/*!50001 SET collation_connection      = @saved_col_connection */;

--
-- Final view structure for view `schema_object_overview`
--

/*!50001 DROP VIEW IF EXISTS `schema_object_overview`*/;
/*!50001 SET @saved_cs_client          = @@character_set_client */;
/*!50001 SET @saved_cs_results         = @@character_set_results */;
/*!50001 SET @saved_col_connection     = @@collation_connection */;
/*!50001 SET character_set_client      = utf8mb4 */;
/*!50001 SET character_set_results     = utf8mb4 */;
/*!50001 SET collation_connection      = utf8_general_ci */;
/*!50001 CREATE ALGORITHM=UNDEFINED */
/*!50013 DEFINER=`admin`@`%` SQL SECURITY DEFINER */
/*!50001 VIEW `schema_object_overview` AS select 1 AS `db`,1 AS `object_type`,1 AS `count` */;
/*!50001 SET character_set_client      = @saved_cs_client */;
/*!50001 SET character_set_results     = @saved_cs_results */;
/*!50001 SET collation_connection      = @saved_col_connection */;

--
-- Final view structure for view `schema_redundant_indexes`
--

/*!50001 DROP VIEW IF EXISTS `schema_redundant_indexes`*/;
/*!50001 SET @saved_cs_client          = @@character_set_client */;
/*!50001 SET @saved_cs_results         = @@character_set_results */;
/*!50001 SET @saved_col_connection     = @@collation_connection */;
/*!50001 SET character_set_client      = utf8mb4 */;
/*!50001 SET character_set_results     = utf8mb4 */;
/*!50001 SET collation_connection      = utf8_general_ci */;
/*!50001 CREATE ALGORITHM=UNDEFINED */
/*!50013 DEFINER=`admin`@`%` SQL SECURITY DEFINER */
/*!50001 VIEW `schema_redundant_indexes` AS select 1 AS `table_schema`,1 AS `table_name`,1 AS `redundant_index_name`,1 AS `redundant_index_columns`,1 AS `redundant_index_non_unique`,1 AS `dominant_index_name`,1 AS `dominant_index_columns`,1 AS `dominant_index_non_unique`,1 AS `subpart_exists`,1 AS `sql_drop_index` */;
/*!50001 SET character_set_client      = @saved_cs_client */;
/*!50001 SET character_set_results     = @saved_cs_results */;
/*!50001 SET collation_connection      = @saved_col_connection */;

--
-- Final view structure for view `schema_table_lock_waits`
--

/*!50001 DROP VIEW IF EXISTS `schema_table_lock_waits`*/;
/*!50001 SET @saved_cs_client          = @@character_set_client */;
/*!50001 SET @saved_cs_results         = @@character_set_results */;
/*!50001 SET @saved_col_connection     = @@collation_connection */;
/*!50001 SET character_set_client      = utf8mb4 */;
/*!50001 SET character_set_results     = utf8mb4 */;
/*!50001 SET collation_connection      = utf8_general_ci */;
/*!50001 CREATE ALGORITHM=UNDEFINED */
/*!50013 DEFINER=`admin`@`%` SQL SECURITY DEFINER */
/*!50001 VIEW `schema_table_lock_waits` AS select 1 AS `object_schema`,1 AS `object_name`,1 AS `waiting_thread_id`,1 AS `waiting_pid`,1 AS `waiting_account`,1 AS `waiting_lock_type`,1 AS `waiting_lock_duration`,1 AS `waiting_query`,1 AS `waiting_query_secs`,1 AS `waiting_query_rows_affected`,1 AS `waiting_query_rows_examined`,1 AS `blocking_thread_id`,1 AS `blocking_pid`,1 AS `blocking_account`,1 AS `blocking_lock_type`,1 AS `blocking_lock_duration`,1 AS `sql_kill_blocking_query`,1 AS `sql_kill_blocking_connection` */;
/*!50001 SET character_set_client      = @saved_cs_client */;
/*!50001 SET character_set_results     = @saved_cs_results */;
/*!50001 SET collation_connection      = @saved_col_connection */;

--
-- Final view structure for view `schema_table_statistics`
--

/*!50001 DROP VIEW IF EXISTS `schema_table_statistics`*/;
/*!50001 SET @saved_cs_client          = @@character_set_client */;
/*!50001 SET @saved_cs_results         = @@character_set_results */;
/*!50001 SET @saved_col_connection     = @@collation_connection */;
/*!50001 SET character_set_client      = utf8mb4 */;
/*!50001 SET character_set_results     = utf8mb4 */;
/*!50001 SET collation_connection      = utf8_general_ci */;
/*!50001 CREATE ALGORITHM=UNDEFINED */
/*!50013 DEFINER=`admin`@`%` SQL SECURITY DEFINER */
/*!50001 VIEW `schema_table_statistics` AS select 1 AS `table_schema`,1 AS `table_name`,1 AS `total_latency`,1 AS `rows_fetched`,1 AS `fetch_latency`,1 AS `rows_inserted`,1 AS `insert_latency`,1 AS `rows_updated`,1 AS `update_latency`,1 AS `rows_deleted`,1 AS `delete_latency`,1 AS `io_read_requests`,1 AS `io_read`,1 AS `io_read_latency`,1 AS `io_write_requests`,1 AS `io_write`,1 AS `io_write_latency`,1 AS `io_misc_requests`,1 AS `io_misc_latency` */;
/*!50001 SET character_set_client      = @saved_cs_client */;
/*!50001 SET character_set_results     = @saved_cs_results */;
/*!50001 SET collation_connection      = @saved_col_connection */;

--
-- Final view structure for view `schema_table_statistics_with_buffer`
--

/*!50001 DROP VIEW IF EXISTS `schema_table_statistics_with_buffer`*/;
/*!50001 SET @saved_cs_client          = @@character_set_client */;
/*!50001 SET @saved_cs_results         = @@character_set_results */;
/*!50001 SET @saved_col_connection     = @@collation_connection */;
/*!50001 SET character_set_client      = utf8mb4 */;
/*!50001 SET character_set_results     = utf8mb4 */;
/*!50001 SET collation_connection      = utf8_general_ci */;
/*!50001 CREATE ALGORITHM=UNDEFINED */
/*!50013 DEFINER=`admin`@`%` SQL SECURITY DEFINER */
/*!50001 VIEW `schema_table_statistics_with_buffer` AS select 1 AS `table_schema`,1 AS `table_name`,1 AS `rows_fetched`,1 AS `fetch_latency`,1 AS `rows_inserted`,1 AS `insert_latency`,1 AS `rows_updated`,1 AS `update_latency`,1 AS `rows_deleted`,1 AS `delete_latency`,1 AS `io_read_requests`,1 AS `io_read`,1 AS `io_read_latency`,1 AS `io_write_requests`,1 AS `io_write`,1 AS `io_write_latency`,1 AS `io_misc_requests`,1 AS `io_misc_latency`,1 AS `innodb_buffer_allocated`,1 AS `innodb_buffer_data`,1 AS `innodb_buffer_free`,1 AS `innodb_buffer_pages`,1 AS `innodb_buffer_pages_hashed`,1 AS `innodb_buffer_pages_old`,1 AS `innodb_buffer_rows_cached` */;
/*!50001 SET character_set_client      = @saved_cs_client */;
/*!50001 SET character_set_results     = @saved_cs_results */;
/*!50001 SET collation_connection      = @saved_col_connection */;

--
-- Final view structure for view `schema_tables_with_full_table_scans`
--

/*!50001 DROP VIEW IF EXISTS `schema_tables_with_full_table_scans`*/;
/*!50001 SET @saved_cs_client          = @@character_set_client */;
/*!50001 SET @saved_cs_results         = @@character_set_results */;
/*!50001 SET @saved_col_connection     = @@collation_connection */;
/*!50001 SET character_set_client      = utf8mb4 */;
/*!50001 SET character_set_results     = utf8mb4 */;
/*!50001 SET collation_connection      = utf8_general_ci */;
/*!50001 CREATE ALGORITHM=UNDEFINED */
/*!50013 DEFINER=`admin`@`%` SQL SECURITY DEFINER */
/*!50001 VIEW `schema_tables_with_full_table_scans` AS select 1 AS `object_schema`,1 AS `object_name`,1 AS `rows_full_scanned`,1 AS `latency` */;
/*!50001 SET character_set_client      = @saved_cs_client */;
/*!50001 SET character_set_results     = @saved_cs_results */;
/*!50001 SET collation_connection      = @saved_col_connection */;

--
-- Final view structure for view `schema_unused_indexes`
--

/*!50001 DROP VIEW IF EXISTS `schema_unused_indexes`*/;
/*!50001 SET @saved_cs_client          = @@character_set_client */;
/*!50001 SET @saved_cs_results         = @@character_set_results */;
/*!50001 SET @saved_col_connection     = @@collation_connection */;
/*!50001 SET character_set_client      = utf8mb4 */;
/*!50001 SET character_set_results     = utf8mb4 */;
/*!50001 SET collation_connection      = utf8_general_ci */;
/*!50001 CREATE ALGORITHM=UNDEFINED */
/*!50013 DEFINER=`admin`@`%` SQL SECURITY DEFINER */
/*!50001 VIEW `schema_unused_indexes` AS select 1 AS `object_schema`,1 AS `object_name`,1 AS `index_name` */;
/*!50001 SET character_set_client      = @saved_cs_client */;
/*!50001 SET character_set_results     = @saved_cs_results */;
/*!50001 SET collation_connection      = @saved_col_connection */;

--
-- Final view structure for view `session`
--

/*!50001 DROP VIEW IF EXISTS `session`*/;
/*!50001 SET @saved_cs_client          = @@character_set_client */;
/*!50001 SET @saved_cs_results         = @@character_set_results */;
/*!50001 SET @saved_col_connection     = @@collation_connection */;
/*!50001 SET character_set_client      = utf8mb4 */;
/*!50001 SET character_set_results     = utf8mb4 */;
/*!50001 SET collation_connection      = utf8_general_ci */;
/*!50001 CREATE ALGORITHM=UNDEFINED */
/*!50013 DEFINER=`admin`@`%` SQL SECURITY DEFINER */
/*!50001 VIEW `session` AS select 1 AS `thd_id`,1 AS `conn_id`,1 AS `user`,1 AS `db`,1 AS `command`,1 AS `state`,1 AS `time`,1 AS `current_statement`,1 AS `statement_latency`,1 AS `progress`,1 AS `lock_latency`,1 AS `rows_examined`,1 AS `rows_sent`,1 AS `rows_affected`,1 AS `tmp_tables`,1 AS `tmp_disk_tables`,1 AS `full_scan`,1 AS `last_statement`,1 AS `last_statement_latency`,1 AS `current_memory`,1 AS `last_wait`,1 AS `last_wait_latency`,1 AS `source`,1 AS `trx_latency`,1 AS `trx_state`,1 AS `trx_autocommit`,1 AS `pid`,1 AS `program_name` */;
/*!50001 SET character_set_client      = @saved_cs_client */;
/*!50001 SET character_set_results     = @saved_cs_results */;
/*!50001 SET collation_connection      = @saved_col_connection */;

--
-- Final view structure for view `session_ssl_status`
--

/*!50001 DROP VIEW IF EXISTS `session_ssl_status`*/;
/*!50001 SET @saved_cs_client          = @@character_set_client */;
/*!50001 SET @saved_cs_results         = @@character_set_results */;
/*!50001 SET @saved_col_connection     = @@collation_connection */;
/*!50001 SET character_set_client      = utf8mb4 */;
/*!50001 SET character_set_results     = utf8mb4 */;
/*!50001 SET collation_connection      = utf8_general_ci */;
/*!50001 CREATE ALGORITHM=UNDEFINED */
/*!50013 DEFINER=`admin`@`%` SQL SECURITY DEFINER */
/*!50001 VIEW `session_ssl_status` AS select 1 AS `thread_id`,1 AS `ssl_version`,1 AS `ssl_cipher`,1 AS `ssl_sessions_reused` */;
/*!50001 SET character_set_client      = @saved_cs_client */;
/*!50001 SET character_set_results     = @saved_cs_results */;
/*!50001 SET collation_connection      = @saved_col_connection */;

--
-- Final view structure for view `statement_analysis`
--

/*!50001 DROP VIEW IF EXISTS `statement_analysis`*/;
/*!50001 SET @saved_cs_client          = @@character_set_client */;
/*!50001 SET @saved_cs_results         = @@character_set_results */;
/*!50001 SET @saved_col_connection     = @@collation_connection */;
/*!50001 SET character_set_client      = utf8mb4 */;
/*!50001 SET character_set_results     = utf8mb4 */;
/*!50001 SET collation_connection      = utf8_general_ci */;
/*!50001 CREATE ALGORITHM=UNDEFINED */
/*!50013 DEFINER=`admin`@`%` SQL SECURITY DEFINER */
/*!50001 VIEW `statement_analysis` AS select 1 AS `query`,1 AS `db`,1 AS `full_scan`,1 AS `exec_count`,1 AS `err_count`,1 AS `warn_count`,1 AS `total_latency`,1 AS `max_latency`,1 AS `avg_latency`,1 AS `lock_latency`,1 AS `rows_sent`,1 AS `rows_sent_avg`,1 AS `rows_examined`,1 AS `rows_examined_avg`,1 AS `rows_affected`,1 AS `rows_affected_avg`,1 AS `tmp_tables`,1 AS `tmp_disk_tables`,1 AS `rows_sorted`,1 AS `sort_merge_passes`,1 AS `digest`,1 AS `first_seen`,1 AS `last_seen` */;
/*!50001 SET character_set_client      = @saved_cs_client */;
/*!50001 SET character_set_results     = @saved_cs_results */;
/*!50001 SET collation_connection      = @saved_col_connection */;

--
-- Final view structure for view `statements_with_errors_or_warnings`
--

/*!50001 DROP VIEW IF EXISTS `statements_with_errors_or_warnings`*/;
/*!50001 SET @saved_cs_client          = @@character_set_client */;
/*!50001 SET @saved_cs_results         = @@character_set_results */;
/*!50001 SET @saved_col_connection     = @@collation_connection */;
/*!50001 SET character_set_client      = utf8mb4 */;
/*!50001 SET character_set_results     = utf8mb4 */;
/*!50001 SET collation_connection      = utf8_general_ci */;
/*!50001 CREATE ALGORITHM=UNDEFINED */
/*!50013 DEFINER=`admin`@`%` SQL SECURITY DEFINER */
/*!50001 VIEW `statements_with_errors_or_warnings` AS select 1 AS `query`,1 AS `db`,1 AS `exec_count`,1 AS `errors`,1 AS `error_pct`,1 AS `warnings`,1 AS `warning_pct`,1 AS `first_seen`,1 AS `last_seen`,1 AS `digest` */;
/*!50001 SET character_set_client      = @saved_cs_client */;
/*!50001 SET character_set_results     = @saved_cs_results */;
/*!50001 SET collation_connection      = @saved_col_connection */;

--
-- Final view structure for view `statements_with_full_table_scans`
--

/*!50001 DROP VIEW IF EXISTS `statements_with_full_table_scans`*/;
/*!50001 SET @saved_cs_client          = @@character_set_client */;
/*!50001 SET @saved_cs_results         = @@character_set_results */;
/*!50001 SET @saved_col_connection     = @@collation_connection */;
/*!50001 SET character_set_client      = utf8mb4 */;
/*!50001 SET character_set_results     = utf8mb4 */;
/*!50001 SET collation_connection      = utf8_general_ci */;
/*!50001 CREATE ALGORITHM=UNDEFINED */
/*!50013 DEFINER=`admin`@`%` SQL SECURITY DEFINER */
/*!50001 VIEW `statements_with_full_table_scans` AS select 1 AS `query`,1 AS `db`,1 AS `exec_count`,1 AS `total_latency`,1 AS `no_index_used_count`,1 AS `no_good_index_used_count`,1 AS `no_index_used_pct`,1 AS `rows_sent`,1 AS `rows_examined`,1 AS `rows_sent_avg`,1 AS `rows_examined_avg`,1 AS `first_seen`,1 AS `last_seen`,1 AS `digest` */;
/*!50001 SET character_set_client      = @saved_cs_client */;
/*!50001 SET character_set_results     = @saved_cs_results */;
/*!50001 SET collation_connection      = @saved_col_connection */;

--
-- Final view structure for view `statements_with_runtimes_in_95th_percentile`
--

/*!50001 DROP VIEW IF EXISTS `statements_with_runtimes_in_95th_percentile`*/;
/*!50001 SET @saved_cs_client          = @@character_set_client */;
/*!50001 SET @saved_cs_results         = @@character_set_results */;
/*!50001 SET @saved_col_connection     = @@collation_connection */;
/*!50001 SET character_set_client      = utf8mb4 */;
/*!50001 SET character_set_results     = utf8mb4 */;
/*!50001 SET collation_connection      = utf8_general_ci */;
/*!50001 CREATE ALGORITHM=UNDEFINED */
/*!50013 DEFINER=`admin`@`%` SQL SECURITY DEFINER */
/*!50001 VIEW `statements_with_runtimes_in_95th_percentile` AS select 1 AS `query`,1 AS `db`,1 AS `full_scan`,1 AS `exec_count`,1 AS `err_count`,1 AS `warn_count`,1 AS `total_latency`,1 AS `max_latency`,1 AS `avg_latency`,1 AS `rows_sent`,1 AS `rows_sent_avg`,1 AS `rows_examined`,1 AS `rows_examined_avg`,1 AS `first_seen`,1 AS `last_seen`,1 AS `digest` */;
/*!50001 SET character_set_client      = @saved_cs_client */;
/*!50001 SET character_set_results     = @saved_cs_results */;
/*!50001 SET collation_connection      = @saved_col_connection */;

--
-- Final view structure for view `statements_with_sorting`
--

/*!50001 DROP VIEW IF EXISTS `statements_with_sorting`*/;
/*!50001 SET @saved_cs_client          = @@character_set_client */;
/*!50001 SET @saved_cs_results         = @@character_set_results */;
/*!50001 SET @saved_col_connection     = @@collation_connection */;
/*!50001 SET character_set_client      = utf8mb4 */;
/*!50001 SET character_set_results     = utf8mb4 */;
/*!50001 SET collation_connection      = utf8_general_ci */;
/*!50001 CREATE ALGORITHM=UNDEFINED */
/*!50013 DEFINER=`admin`@`%` SQL SECURITY DEFINER */
/*!50001 VIEW `statements_with_sorting` AS select 1 AS `query`,1 AS `db`,1 AS `exec_count`,1 AS `total_latency`,1 AS `sort_merge_passes`,1 AS `avg_sort_merges`,1 AS `sorts_using_scans`,1 AS `sort_using_range`,1 AS `rows_sorted`,1 AS `avg_rows_sorted`,1 AS `first_seen`,1 AS `last_seen`,1 AS `digest` */;
/*!50001 SET character_set_client      = @saved_cs_client */;
/*!50001 SET character_set_results     = @saved_cs_results */;
/*!50001 SET collation_connection      = @saved_col_connection */;

--
-- Final view structure for view `statements_with_temp_tables`
--

/*!50001 DROP VIEW IF EXISTS `statements_with_temp_tables`*/;
/*!50001 SET @saved_cs_client          = @@character_set_client */;
/*!50001 SET @saved_cs_results         = @@character_set_results */;
/*!50001 SET @saved_col_connection     = @@collation_connection */;
/*!50001 SET character_set_client      = utf8mb4 */;
/*!50001 SET character_set_results     = utf8mb4 */;
/*!50001 SET collation_connection      = utf8_general_ci */;
/*!50001 CREATE ALGORITHM=UNDEFINED */
/*!50013 DEFINER=`admin`@`%` SQL SECURITY DEFINER */
/*!50001 VIEW `statements_with_temp_tables` AS select 1 AS `query`,1 AS `db`,1 AS `exec_count`,1 AS `total_latency`,1 AS `memory_tmp_tables`,1 AS `disk_tmp_tables`,1 AS `avg_tmp_tables_per_query`,1 AS `tmp_tables_to_disk_pct`,1 AS `first_seen`,1 AS `last_seen`,1 AS `digest` */;
/*!50001 SET character_set_client      = @saved_cs_client */;
/*!50001 SET character_set_results     = @saved_cs_results */;
/*!50001 SET collation_connection      = @saved_col_connection */;

--
-- Final view structure for view `user_summary`
--

/*!50001 DROP VIEW IF EXISTS `user_summary`*/;
/*!50001 SET @saved_cs_client          = @@character_set_client */;
/*!50001 SET @saved_cs_results         = @@character_set_results */;
/*!50001 SET @saved_col_connection     = @@collation_connection */;
/*!50001 SET character_set_client      = utf8mb4 */;
/*!50001 SET character_set_results     = utf8mb4 */;
/*!50001 SET collation_connection      = utf8_general_ci */;
/*!50001 CREATE ALGORITHM=UNDEFINED */
/*!50013 DEFINER=`admin`@`%` SQL SECURITY DEFINER */
/*!50001 VIEW `user_summary` AS select 1 AS `user`,1 AS `statements`,1 AS `statement_latency`,1 AS `statement_avg_latency`,1 AS `table_scans`,1 AS `file_ios`,1 AS `file_io_latency`,1 AS `current_connections`,1 AS `total_connections`,1 AS `unique_hosts`,1 AS `current_memory`,1 AS `total_memory_allocated` */;
/*!50001 SET character_set_client      = @saved_cs_client */;
/*!50001 SET character_set_results     = @saved_cs_results */;
/*!50001 SET collation_connection      = @saved_col_connection */;

--
-- Final view structure for view `user_summary_by_file_io`
--

/*!50001 DROP VIEW IF EXISTS `user_summary_by_file_io`*/;
/*!50001 SET @saved_cs_client          = @@character_set_client */;
/*!50001 SET @saved_cs_results         = @@character_set_results */;
/*!50001 SET @saved_col_connection     = @@collation_connection */;
/*!50001 SET character_set_client      = utf8mb4 */;
/*!50001 SET character_set_results     = utf8mb4 */;
/*!50001 SET collation_connection      = utf8_general_ci */;
/*!50001 CREATE ALGORITHM=UNDEFINED */
/*!50013 DEFINER=`admin`@`%` SQL SECURITY DEFINER */
/*!50001 VIEW `user_summary_by_file_io` AS select 1 AS `user`,1 AS `ios`,1 AS `io_latency` */;
/*!50001 SET character_set_client      = @saved_cs_client */;
/*!50001 SET character_set_results     = @saved_cs_results */;
/*!50001 SET collation_connection      = @saved_col_connection */;

--
-- Final view structure for view `user_summary_by_file_io_type`
--

/*!50001 DROP VIEW IF EXISTS `user_summary_by_file_io_type`*/;
/*!50001 SET @saved_cs_client          = @@character_set_client */;
/*!50001 SET @saved_cs_results         = @@character_set_results */;
/*!50001 SET @saved_col_connection     = @@collation_connection */;
/*!50001 SET character_set_client      = utf8mb4 */;
/*!50001 SET character_set_results     = utf8mb4 */;
/*!50001 SET collation_connection      = utf8_general_ci */;
/*!50001 CREATE ALGORITHM=UNDEFINED */
/*!50013 DEFINER=`admin`@`%` SQL SECURITY DEFINER */
/*!50001 VIEW `user_summary_by_file_io_type` AS select 1 AS `user`,1 AS `event_name`,1 AS `total`,1 AS `latency`,1 AS `max_latency` */;
/*!50001 SET character_set_client      = @saved_cs_client */;
/*!50001 SET character_set_results     = @saved_cs_results */;
/*!50001 SET collation_connection      = @saved_col_connection */;

--
-- Final view structure for view `user_summary_by_stages`
--

/*!50001 DROP VIEW IF EXISTS `user_summary_by_stages`*/;
/*!50001 SET @saved_cs_client          = @@character_set_client */;
/*!50001 SET @saved_cs_results         = @@character_set_results */;
/*!50001 SET @saved_col_connection     = @@collation_connection */;
/*!50001 SET character_set_client      = utf8mb4 */;
/*!50001 SET character_set_results     = utf8mb4 */;
/*!50001 SET collation_connection      = utf8_general_ci */;
/*!50001 CREATE ALGORITHM=UNDEFINED */
/*!50013 DEFINER=`admin`@`%` SQL SECURITY DEFINER */
/*!50001 VIEW `user_summary_by_stages` AS select 1 AS `user`,1 AS `event_name`,1 AS `total`,1 AS `total_latency`,1 AS `avg_latency` */;
/*!50001 SET character_set_client      = @saved_cs_client */;
/*!50001 SET character_set_results     = @saved_cs_results */;
/*!50001 SET collation_connection      = @saved_col_connection */;

--
-- Final view structure for view `user_summary_by_statement_latency`
--

/*!50001 DROP VIEW IF EXISTS `user_summary_by_statement_latency`*/;
/*!50001 SET @saved_cs_client          = @@character_set_client */;
/*!50001 SET @saved_cs_results         = @@character_set_results */;
/*!50001 SET @saved_col_connection     = @@collation_connection */;
/*!50001 SET character_set_client      = utf8mb4 */;
/*!50001 SET character_set_results     = utf8mb4 */;
/*!50001 SET collation_connection      = utf8_general_ci */;
/*!50001 CREATE ALGORITHM=UNDEFINED */
/*!50013 DEFINER=`admin`@`%` SQL SECURITY DEFINER */
/*!50001 VIEW `user_summary_by_statement_latency` AS select 1 AS `user`,1 AS `total`,1 AS `total_latency`,1 AS `max_latency`,1 AS `lock_latency`,1 AS `rows_sent`,1 AS `rows_examined`,1 AS `rows_affected`,1 AS `full_scans` */;
/*!50001 SET character_set_client      = @saved_cs_client */;
/*!50001 SET character_set_results     = @saved_cs_results */;
/*!50001 SET collation_connection      = @saved_col_connection */;

--
-- Final view structure for view `user_summary_by_statement_type`
--

/*!50001 DROP VIEW IF EXISTS `user_summary_by_statement_type`*/;
/*!50001 SET @saved_cs_client          = @@character_set_client */;
/*!50001 SET @saved_cs_results         = @@character_set_results */;
/*!50001 SET @saved_col_connection     = @@collation_connection */;
/*!50001 SET character_set_client      = utf8mb4 */;
/*!50001 SET character_set_results     = utf8mb4 */;
/*!50001 SET collation_connection      = utf8_general_ci */;
/*!50001 CREATE ALGORITHM=UNDEFINED */
/*!50013 DEFINER=`admin`@`%` SQL SECURITY DEFINER */
/*!50001 VIEW `user_summary_by_statement_type` AS select 1 AS `user`,1 AS `statement`,1 AS `total`,1 AS `total_latency`,1 AS `max_latency`,1 AS `lock_latency`,1 AS `rows_sent`,1 AS `rows_examined`,1 AS `rows_affected`,1 AS `full_scans` */;
/*!50001 SET character_set_client      = @saved_cs_client */;
/*!50001 SET character_set_results     = @saved_cs_results */;
/*!50001 SET collation_connection      = @saved_col_connection */;

--
-- Final view structure for view `version`
--

/*!50001 DROP VIEW IF EXISTS `version`*/;
/*!50001 SET @saved_cs_client          = @@character_set_client */;
/*!50001 SET @saved_cs_results         = @@character_set_results */;
/*!50001 SET @saved_col_connection     = @@collation_connection */;
/*!50001 SET character_set_client      = utf8mb4 */;
/*!50001 SET character_set_results     = utf8mb4 */;
/*!50001 SET collation_connection      = utf8_general_ci */;
/*!50001 CREATE ALGORITHM=UNDEFINED */
/*!50013 DEFINER=`admin`@`%` SQL SECURITY DEFINER */
/*!50001 VIEW `version` AS select 1 AS `sys_version`,1 AS `mysql_version` */;
/*!50001 SET character_set_client      = @saved_cs_client */;
/*!50001 SET character_set_results     = @saved_cs_results */;
/*!50001 SET collation_connection      = @saved_col_connection */;

--
-- Final view structure for view `wait_classes_global_by_avg_latency`
--

/*!50001 DROP VIEW IF EXISTS `wait_classes_global_by_avg_latency`*/;
/*!50001 SET @saved_cs_client          = @@character_set_client */;
/*!50001 SET @saved_cs_results         = @@character_set_results */;
/*!50001 SET @saved_col_connection     = @@collation_connection */;
/*!50001 SET character_set_client      = utf8mb4 */;
/*!50001 SET character_set_results     = utf8mb4 */;
/*!50001 SET collation_connection      = utf8_general_ci */;
/*!50001 CREATE ALGORITHM=UNDEFINED */
/*!50013 DEFINER=`admin`@`%` SQL SECURITY DEFINER */
/*!50001 VIEW `wait_classes_global_by_avg_latency` AS select 1 AS `event_class`,1 AS `total`,1 AS `total_latency`,1 AS `min_latency`,1 AS `avg_latency`,1 AS `max_latency` */;
/*!50001 SET character_set_client      = @saved_cs_client */;
/*!50001 SET character_set_results     = @saved_cs_results */;
/*!50001 SET collation_connection      = @saved_col_connection */;

--
-- Final view structure for view `wait_classes_global_by_latency`
--

/*!50001 DROP VIEW IF EXISTS `wait_classes_global_by_latency`*/;
/*!50001 SET @saved_cs_client          = @@character_set_client */;
/*!50001 SET @saved_cs_results         = @@character_set_results */;
/*!50001 SET @saved_col_connection     = @@collation_connection */;
/*!50001 SET character_set_client      = utf8mb4 */;
/*!50001 SET character_set_results     = utf8mb4 */;
/*!50001 SET collation_connection      = utf8_general_ci */;
/*!50001 CREATE ALGORITHM=UNDEFINED */
/*!50013 DEFINER=`admin`@`%` SQL SECURITY DEFINER */
/*!50001 VIEW `wait_classes_global_by_latency` AS select 1 AS `event_class`,1 AS `total`,1 AS `total_latency`,1 AS `min_latency`,1 AS `avg_latency`,1 AS `max_latency` */;
/*!50001 SET character_set_client      = @saved_cs_client */;
/*!50001 SET character_set_results     = @saved_cs_results */;
/*!50001 SET collation_connection      = @saved_col_connection */;

--
-- Final view structure for view `waits_by_host_by_latency`
--

/*!50001 DROP VIEW IF EXISTS `waits_by_host_by_latency`*/;
/*!50001 SET @saved_cs_client          = @@character_set_client */;
/*!50001 SET @saved_cs_results         = @@character_set_results */;
/*!50001 SET @saved_col_connection     = @@collation_connection */;
/*!50001 SET character_set_client      = utf8mb4 */;
/*!50001 SET character_set_results     = utf8mb4 */;
/*!50001 SET collation_connection      = utf8_general_ci */;
/*!50001 CREATE ALGORITHM=UNDEFINED */
/*!50013 DEFINER=`admin`@`%` SQL SECURITY DEFINER */
/*!50001 VIEW `waits_by_host_by_latency` AS select 1 AS `host`,1 AS `event`,1 AS `total`,1 AS `total_latency`,1 AS `avg_latency`,1 AS `max_latency` */;
/*!50001 SET character_set_client      = @saved_cs_client */;
/*!50001 SET character_set_results     = @saved_cs_results */;
/*!50001 SET collation_connection      = @saved_col_connection */;

--
-- Final view structure for view `waits_by_user_by_latency`
--

/*!50001 DROP VIEW IF EXISTS `waits_by_user_by_latency`*/;
/*!50001 SET @saved_cs_client          = @@character_set_client */;
/*!50001 SET @saved_cs_results         = @@character_set_results */;
/*!50001 SET @saved_col_connection     = @@collation_connection */;
/*!50001 SET character_set_client      = utf8mb4 */;
/*!50001 SET character_set_results     = utf8mb4 */;
/*!50001 SET collation_connection      = utf8_general_ci */;
/*!50001 CREATE ALGORITHM=UNDEFINED */
/*!50013 DEFINER=`admin`@`%` SQL SECURITY DEFINER */
/*!50001 VIEW `waits_by_user_by_latency` AS select 1 AS `user`,1 AS `event`,1 AS `total`,1 AS `total_latency`,1 AS `avg_latency`,1 AS `max_latency` */;
/*!50001 SET character_set_client      = @saved_cs_client */;
/*!50001 SET character_set_results     = @saved_cs_results */;
/*!50001 SET collation_connection      = @saved_col_connection */;

--
-- Final view structure for view `waits_global_by_latency`
--

/*!50001 DROP VIEW IF EXISTS `waits_global_by_latency`*/;
/*!50001 SET @saved_cs_client          = @@character_set_client */;
/*!50001 SET @saved_cs_results         = @@character_set_results */;
/*!50001 SET @saved_col_connection     = @@collation_connection */;
/*!50001 SET character_set_client      = utf8mb4 */;
/*!50001 SET character_set_results     = utf8mb4 */;
/*!50001 SET collation_connection      = utf8_general_ci */;
/*!50001 CREATE ALGORITHM=UNDEFINED */
/*!50013 DEFINER=`admin`@`%` SQL SECURITY DEFINER */
/*!50001 VIEW `waits_global_by_latency` AS select 1 AS `events`,1 AS `total`,1 AS `total_latency`,1 AS `avg_latency`,1 AS `max_latency` */;
/*!50001 SET character_set_client      = @saved_cs_client */;
/*!50001 SET character_set_results     = @saved_cs_results */;
/*!50001 SET collation_connection      = @saved_col_connection */;

--
-- Final view structure for view `x$host_summary`
--

/*!50001 DROP VIEW IF EXISTS `x$host_summary`*/;
/*!50001 SET @saved_cs_client          = @@character_set_client */;
/*!50001 SET @saved_cs_results         = @@character_set_results */;
/*!50001 SET @saved_col_connection     = @@collation_connection */;
/*!50001 SET character_set_client      = utf8mb4 */;
/*!50001 SET character_set_results     = utf8mb4 */;
/*!50001 SET collation_connection      = utf8_general_ci */;
/*!50001 CREATE ALGORITHM=UNDEFINED */
/*!50013 DEFINER=`admin`@`%` SQL SECURITY DEFINER */
/*!50001 VIEW `x$host_summary` AS select 1 AS `host`,1 AS `statements`,1 AS `statement_latency`,1 AS `statement_avg_latency`,1 AS `table_scans`,1 AS `file_ios`,1 AS `file_io_latency`,1 AS `current_connections`,1 AS `total_connections`,1 AS `unique_users`,1 AS `current_memory`,1 AS `total_memory_allocated` */;
/*!50001 SET character_set_client      = @saved_cs_client */;
/*!50001 SET character_set_results     = @saved_cs_results */;
/*!50001 SET collation_connection      = @saved_col_connection */;

--
-- Final view structure for view `x$host_summary_by_file_io`
--

/*!50001 DROP VIEW IF EXISTS `x$host_summary_by_file_io`*/;
/*!50001 SET @saved_cs_client          = @@character_set_client */;
/*!50001 SET @saved_cs_results         = @@character_set_results */;
/*!50001 SET @saved_col_connection     = @@collation_connection */;
/*!50001 SET character_set_client      = utf8mb4 */;
/*!50001 SET character_set_results     = utf8mb4 */;
/*!50001 SET collation_connection      = utf8_general_ci */;
/*!50001 CREATE ALGORITHM=UNDEFINED */
/*!50013 DEFINER=`admin`@`%` SQL SECURITY DEFINER */
/*!50001 VIEW `x$host_summary_by_file_io` AS select 1 AS `host`,1 AS `ios`,1 AS `io_latency` */;
/*!50001 SET character_set_client      = @saved_cs_client */;
/*!50001 SET character_set_results     = @saved_cs_results */;
/*!50001 SET collation_connection      = @saved_col_connection */;

--
-- Final view structure for view `x$host_summary_by_file_io_type`
--

/*!50001 DROP VIEW IF EXISTS `x$host_summary_by_file_io_type`*/;
/*!50001 SET @saved_cs_client          = @@character_set_client */;
/*!50001 SET @saved_cs_results         = @@character_set_results */;
/*!50001 SET @saved_col_connection     = @@collation_connection */;
/*!50001 SET character_set_client      = utf8mb4 */;
/*!50001 SET character_set_results     = utf8mb4 */;
/*!50001 SET collation_connection      = utf8_general_ci */;
/*!50001 CREATE ALGORITHM=UNDEFINED */
/*!50013 DEFINER=`admin`@`%` SQL SECURITY DEFINER */
/*!50001 VIEW `x$host_summary_by_file_io_type` AS select 1 AS `host`,1 AS `event_name`,1 AS `total`,1 AS `total_latency`,1 AS `max_latency` */;
/*!50001 SET character_set_client      = @saved_cs_client */;
/*!50001 SET character_set_results     = @saved_cs_results */;
/*!50001 SET collation_connection      = @saved_col_connection */;

--
-- Final view structure for view `x$host_summary_by_stages`
--

/*!50001 DROP VIEW IF EXISTS `x$host_summary_by_stages`*/;
/*!50001 SET @saved_cs_client          = @@character_set_client */;
/*!50001 SET @saved_cs_results         = @@character_set_results */;
/*!50001 SET @saved_col_connection     = @@collation_connection */;
/*!50001 SET character_set_client      = utf8mb4 */;
/*!50001 SET character_set_results     = utf8mb4 */;
/*!50001 SET collation_connection      = utf8_general_ci */;
/*!50001 CREATE ALGORITHM=UNDEFINED */
/*!50013 DEFINER=`admin`@`%` SQL SECURITY DEFINER */
/*!50001 VIEW `x$host_summary_by_stages` AS select 1 AS `host`,1 AS `event_name`,1 AS `total`,1 AS `total_latency`,1 AS `avg_latency` */;
/*!50001 SET character_set_client      = @saved_cs_client */;
/*!50001 SET character_set_results     = @saved_cs_results */;
/*!50001 SET collation_connection      = @saved_col_connection */;

--
-- Final view structure for view `x$host_summary_by_statement_type`
--

/*!50001 DROP VIEW IF EXISTS `x$host_summary_by_statement_type`*/;
/*!50001 SET @saved_cs_client          = @@character_set_client */;
/*!50001 SET @saved_cs_results         = @@character_set_results */;
/*!50001 SET @saved_col_connection     = @@collation_connection */;
/*!50001 SET character_set_client      = utf8mb4 */;
/*!50001 SET character_set_results     = utf8mb4 */;
/*!50001 SET collation_connection      = utf8_general_ci */;
/*!50001 CREATE ALGORITHM=UNDEFINED */
/*!50013 DEFINER=`admin`@`%` SQL SECURITY DEFINER */
/*!50001 VIEW `x$host_summary_by_statement_type` AS select 1 AS `host`,1 AS `statement`,1 AS `total`,1 AS `total_latency`,1 AS `max_latency`,1 AS `lock_latency`,1 AS `rows_sent`,1 AS `rows_examined`,1 AS `rows_affected`,1 AS `full_scans` */;
/*!50001 SET character_set_client      = @saved_cs_client */;
/*!50001 SET character_set_results     = @saved_cs_results */;
/*!50001 SET collation_connection      = @saved_col_connection */;

--
-- Final view structure for view `x$innodb_buffer_stats_by_schema`
--

/*!50001 DROP VIEW IF EXISTS `x$innodb_buffer_stats_by_schema`*/;
/*!50001 SET @saved_cs_client          = @@character_set_client */;
/*!50001 SET @saved_cs_results         = @@character_set_results */;
/*!50001 SET @saved_col_connection     = @@collation_connection */;
/*!50001 SET character_set_client      = utf8mb4 */;
/*!50001 SET character_set_results     = utf8mb4 */;
/*!50001 SET collation_connection      = utf8_general_ci */;
/*!50001 CREATE ALGORITHM=UNDEFINED */
/*!50013 DEFINER=`admin`@`%` SQL SECURITY DEFINER */
/*!50001 VIEW `x$innodb_buffer_stats_by_schema` AS select 1 AS `object_schema`,1 AS `allocated`,1 AS `data`,1 AS `pages`,1 AS `pages_hashed`,1 AS `pages_old`,1 AS `rows_cached` */;
/*!50001 SET character_set_client      = @saved_cs_client */;
/*!50001 SET character_set_results     = @saved_cs_results */;
/*!50001 SET collation_connection      = @saved_col_connection */;

--
-- Final view structure for view `x$innodb_buffer_stats_by_table`
--

/*!50001 DROP VIEW IF EXISTS `x$innodb_buffer_stats_by_table`*/;
/*!50001 SET @saved_cs_client          = @@character_set_client */;
/*!50001 SET @saved_cs_results         = @@character_set_results */;
/*!50001 SET @saved_col_connection     = @@collation_connection */;
/*!50001 SET character_set_client      = utf8mb4 */;
/*!50001 SET character_set_results     = utf8mb4 */;
/*!50001 SET collation_connection      = utf8_general_ci */;
/*!50001 CREATE ALGORITHM=UNDEFINED */
/*!50013 DEFINER=`admin`@`%` SQL SECURITY DEFINER */
/*!50001 VIEW `x$innodb_buffer_stats_by_table` AS select 1 AS `object_schema`,1 AS `object_name`,1 AS `allocated`,1 AS `data`,1 AS `pages`,1 AS `pages_hashed`,1 AS `pages_old`,1 AS `rows_cached` */;
/*!50001 SET character_set_client      = @saved_cs_client */;
/*!50001 SET character_set_results     = @saved_cs_results */;
/*!50001 SET collation_connection      = @saved_col_connection */;

--
-- Final view structure for view `x$innodb_lock_waits`
--

/*!50001 DROP VIEW IF EXISTS `x$innodb_lock_waits`*/;
/*!50001 SET @saved_cs_client          = @@character_set_client */;
/*!50001 SET @saved_cs_results         = @@character_set_results */;
/*!50001 SET @saved_col_connection     = @@collation_connection */;
/*!50001 SET character_set_client      = utf8mb4 */;
/*!50001 SET character_set_results     = utf8mb4 */;
/*!50001 SET collation_connection      = utf8_general_ci */;
/*!50001 CREATE ALGORITHM=UNDEFINED */
/*!50013 DEFINER=`admin`@`%` SQL SECURITY DEFINER */
/*!50001 VIEW `x$innodb_lock_waits` AS select 1 AS `wait_started`,1 AS `wait_age`,1 AS `wait_age_secs`,1 AS `locked_table`,1 AS `locked_table_schema`,1 AS `locked_table_name`,1 AS `locked_table_partition`,1 AS `locked_table_subpartition`,1 AS `locked_index`,1 AS `locked_type`,1 AS `waiting_trx_id`,1 AS `waiting_trx_started`,1 AS `waiting_trx_age`,1 AS `waiting_trx_rows_locked`,1 AS `waiting_trx_rows_modified`,1 AS `waiting_pid`,1 AS `waiting_query`,1 AS `waiting_lock_id`,1 AS `waiting_lock_mode`,1 AS `blocking_trx_id`,1 AS `blocking_pid`,1 AS `blocking_query`,1 AS `blocking_lock_id`,1 AS `blocking_lock_mode`,1 AS `blocking_trx_started`,1 AS `blocking_trx_age`,1 AS `blocking_trx_rows_locked`,1 AS `blocking_trx_rows_modified`,1 AS `sql_kill_blocking_query`,1 AS `sql_kill_blocking_connection` */;
/*!50001 SET character_set_client      = @saved_cs_client */;
/*!50001 SET character_set_results     = @saved_cs_results */;
/*!50001 SET collation_connection      = @saved_col_connection */;

--
-- Final view structure for view `x$io_by_thread_by_latency`
--

/*!50001 DROP VIEW IF EXISTS `x$io_by_thread_by_latency`*/;
/*!50001 SET @saved_cs_client          = @@character_set_client */;
/*!50001 SET @saved_cs_results         = @@character_set_results */;
/*!50001 SET @saved_col_connection     = @@collation_connection */;
/*!50001 SET character_set_client      = utf8mb4 */;
/*!50001 SET character_set_results     = utf8mb4 */;
/*!50001 SET collation_connection      = utf8_general_ci */;
/*!50001 CREATE ALGORITHM=UNDEFINED */
/*!50013 DEFINER=`admin`@`%` SQL SECURITY DEFINER */
/*!50001 VIEW `x$io_by_thread_by_latency` AS select 1 AS `user`,1 AS `total`,1 AS `total_latency`,1 AS `min_latency`,1 AS `avg_latency`,1 AS `max_latency`,1 AS `thread_id`,1 AS `processlist_id` */;
/*!50001 SET character_set_client      = @saved_cs_client */;
/*!50001 SET character_set_results     = @saved_cs_results */;
/*!50001 SET collation_connection      = @saved_col_connection */;

--
-- Final view structure for view `x$io_global_by_file_by_bytes`
--

/*!50001 DROP VIEW IF EXISTS `x$io_global_by_file_by_bytes`*/;
/*!50001 SET @saved_cs_client          = @@character_set_client */;
/*!50001 SET @saved_cs_results         = @@character_set_results */;
/*!50001 SET @saved_col_connection     = @@collation_connection */;
/*!50001 SET character_set_client      = utf8mb4 */;
/*!50001 SET character_set_results     = utf8mb4 */;
/*!50001 SET collation_connection      = utf8_general_ci */;
/*!50001 CREATE ALGORITHM=UNDEFINED */
/*!50013 DEFINER=`admin`@`%` SQL SECURITY DEFINER */
/*!50001 VIEW `x$io_global_by_file_by_bytes` AS select 1 AS `file`,1 AS `count_read`,1 AS `total_read`,1 AS `avg_read`,1 AS `count_write`,1 AS `total_written`,1 AS `avg_write`,1 AS `total`,1 AS `write_pct` */;
/*!50001 SET character_set_client      = @saved_cs_client */;
/*!50001 SET character_set_results     = @saved_cs_results */;
/*!50001 SET collation_connection      = @saved_col_connection */;

--
-- Final view structure for view `x$io_global_by_file_by_latency`
--

/*!50001 DROP VIEW IF EXISTS `x$io_global_by_file_by_latency`*/;
/*!50001 SET @saved_cs_client          = @@character_set_client */;
/*!50001 SET @saved_cs_results         = @@character_set_results */;
/*!50001 SET @saved_col_connection     = @@collation_connection */;
/*!50001 SET character_set_client      = utf8mb4 */;
/*!50001 SET character_set_results     = utf8mb4 */;
/*!50001 SET collation_connection      = utf8_general_ci */;
/*!50001 CREATE ALGORITHM=UNDEFINED */
/*!50013 DEFINER=`admin`@`%` SQL SECURITY DEFINER */
/*!50001 VIEW `x$io_global_by_file_by_latency` AS select 1 AS `file`,1 AS `total`,1 AS `total_latency`,1 AS `count_read`,1 AS `read_latency`,1 AS `count_write`,1 AS `write_latency`,1 AS `count_misc`,1 AS `misc_latency` */;
/*!50001 SET character_set_client      = @saved_cs_client */;
/*!50001 SET character_set_results     = @saved_cs_results */;
/*!50001 SET collation_connection      = @saved_col_connection */;

--
-- Final view structure for view `x$io_global_by_wait_by_bytes`
--

/*!50001 DROP VIEW IF EXISTS `x$io_global_by_wait_by_bytes`*/;
/*!50001 SET @saved_cs_client          = @@character_set_client */;
/*!50001 SET @saved_cs_results         = @@character_set_results */;
/*!50001 SET @saved_col_connection     = @@collation_connection */;
/*!50001 SET character_set_client      = utf8mb4 */;
/*!50001 SET character_set_results     = utf8mb4 */;
/*!50001 SET collation_connection      = utf8_general_ci */;
/*!50001 CREATE ALGORITHM=UNDEFINED */
/*!50013 DEFINER=`admin`@`%` SQL SECURITY DEFINER */
/*!50001 VIEW `x$io_global_by_wait_by_bytes` AS select 1 AS `event_name`,1 AS `total`,1 AS `total_latency`,1 AS `min_latency`,1 AS `avg_latency`,1 AS `max_latency`,1 AS `count_read`,1 AS `total_read`,1 AS `avg_read`,1 AS `count_write`,1 AS `total_written`,1 AS `avg_written`,1 AS `total_requested` */;
/*!50001 SET character_set_client      = @saved_cs_client */;
/*!50001 SET character_set_results     = @saved_cs_results */;
/*!50001 SET collation_connection      = @saved_col_connection */;

--
-- Final view structure for view `x$io_global_by_wait_by_latency`
--

/*!50001 DROP VIEW IF EXISTS `x$io_global_by_wait_by_latency`*/;
/*!50001 SET @saved_cs_client          = @@character_set_client */;
/*!50001 SET @saved_cs_results         = @@character_set_results */;
/*!50001 SET @saved_col_connection     = @@collation_connection */;
/*!50001 SET character_set_client      = utf8mb4 */;
/*!50001 SET character_set_results     = utf8mb4 */;
/*!50001 SET collation_connection      = utf8_general_ci */;
/*!50001 CREATE ALGORITHM=UNDEFINED */
/*!50013 DEFINER=`admin`@`%` SQL SECURITY DEFINER */
/*!50001 VIEW `x$io_global_by_wait_by_latency` AS select 1 AS `event_name`,1 AS `total`,1 AS `total_latency`,1 AS `avg_latency`,1 AS `max_latency`,1 AS `read_latency`,1 AS `write_latency`,1 AS `misc_latency`,1 AS `count_read`,1 AS `total_read`,1 AS `avg_read`,1 AS `count_write`,1 AS `total_written`,1 AS `avg_written` */;
/*!50001 SET character_set_client      = @saved_cs_client */;
/*!50001 SET character_set_results     = @saved_cs_results */;
/*!50001 SET collation_connection      = @saved_col_connection */;

--
-- Final view structure for view `x$latest_file_io`
--

/*!50001 DROP VIEW IF EXISTS `x$latest_file_io`*/;
/*!50001 SET @saved_cs_client          = @@character_set_client */;
/*!50001 SET @saved_cs_results         = @@character_set_results */;
/*!50001 SET @saved_col_connection     = @@collation_connection */;
/*!50001 SET character_set_client      = utf8mb4 */;
/*!50001 SET character_set_results     = utf8mb4 */;
/*!50001 SET collation_connection      = utf8_general_ci */;
/*!50001 CREATE ALGORITHM=UNDEFINED */
/*!50013 DEFINER=`admin`@`%` SQL SECURITY DEFINER */
/*!50001 VIEW `x$latest_file_io` AS select 1 AS `thread`,1 AS `file`,1 AS `latency`,1 AS `operation`,1 AS `requested` */;
/*!50001 SET character_set_client      = @saved_cs_client */;
/*!50001 SET character_set_results     = @saved_cs_results */;
/*!50001 SET collation_connection      = @saved_col_connection */;

--
-- Final view structure for view `x$memory_by_host_by_current_bytes`
--

/*!50001 DROP VIEW IF EXISTS `x$memory_by_host_by_current_bytes`*/;
/*!50001 SET @saved_cs_client          = @@character_set_client */;
/*!50001 SET @saved_cs_results         = @@character_set_results */;
/*!50001 SET @saved_col_connection     = @@collation_connection */;
/*!50001 SET character_set_client      = utf8mb4 */;
/*!50001 SET character_set_results     = utf8mb4 */;
/*!50001 SET collation_connection      = utf8_general_ci */;
/*!50001 CREATE ALGORITHM=UNDEFINED */
/*!50013 DEFINER=`admin`@`%` SQL SECURITY DEFINER */
/*!50001 VIEW `x$memory_by_host_by_current_bytes` AS select 1 AS `host`,1 AS `current_count_used`,1 AS `current_allocated`,1 AS `current_avg_alloc`,1 AS `current_max_alloc`,1 AS `total_allocated` */;
/*!50001 SET character_set_client      = @saved_cs_client */;
/*!50001 SET character_set_results     = @saved_cs_results */;
/*!50001 SET collation_connection      = @saved_col_connection */;

--
-- Final view structure for view `x$memory_by_thread_by_current_bytes`
--

/*!50001 DROP VIEW IF EXISTS `x$memory_by_thread_by_current_bytes`*/;
/*!50001 SET @saved_cs_client          = @@character_set_client */;
/*!50001 SET @saved_cs_results         = @@character_set_results */;
/*!50001 SET @saved_col_connection     = @@collation_connection */;
/*!50001 SET character_set_client      = utf8mb4 */;
/*!50001 SET character_set_results     = utf8mb4 */;
/*!50001 SET collation_connection      = utf8_general_ci */;
/*!50001 CREATE ALGORITHM=UNDEFINED */
/*!50013 DEFINER=`admin`@`%` SQL SECURITY DEFINER */
/*!50001 VIEW `x$memory_by_thread_by_current_bytes` AS select 1 AS `thread_id`,1 AS `user`,1 AS `current_count_used`,1 AS `current_allocated`,1 AS `current_avg_alloc`,1 AS `current_max_alloc`,1 AS `total_allocated` */;
/*!50001 SET character_set_client      = @saved_cs_client */;
/*!50001 SET character_set_results     = @saved_cs_results */;
/*!50001 SET collation_connection      = @saved_col_connection */;

--
-- Final view structure for view `x$memory_by_user_by_current_bytes`
--

/*!50001 DROP VIEW IF EXISTS `x$memory_by_user_by_current_bytes`*/;
/*!50001 SET @saved_cs_client          = @@character_set_client */;
/*!50001 SET @saved_cs_results         = @@character_set_results */;
/*!50001 SET @saved_col_connection     = @@collation_connection */;
/*!50001 SET character_set_client      = utf8mb4 */;
/*!50001 SET character_set_results     = utf8mb4 */;
/*!50001 SET collation_connection      = utf8_general_ci */;
/*!50001 CREATE ALGORITHM=UNDEFINED */
/*!50013 DEFINER=`admin`@`%` SQL SECURITY DEFINER */
/*!50001 VIEW `x$memory_by_user_by_current_bytes` AS select 1 AS `user`,1 AS `current_count_used`,1 AS `current_allocated`,1 AS `current_avg_alloc`,1 AS `current_max_alloc`,1 AS `total_allocated` */;
/*!50001 SET character_set_client      = @saved_cs_client */;
/*!50001 SET character_set_results     = @saved_cs_results */;
/*!50001 SET collation_connection      = @saved_col_connection */;

--
-- Final view structure for view `x$memory_global_by_current_bytes`
--

/*!50001 DROP VIEW IF EXISTS `x$memory_global_by_current_bytes`*/;
/*!50001 SET @saved_cs_client          = @@character_set_client */;
/*!50001 SET @saved_cs_results         = @@character_set_results */;
/*!50001 SET @saved_col_connection     = @@collation_connection */;
/*!50001 SET character_set_client      = utf8mb4 */;
/*!50001 SET character_set_results     = utf8mb4 */;
/*!50001 SET collation_connection      = utf8_general_ci */;
/*!50001 CREATE ALGORITHM=UNDEFINED */
/*!50013 DEFINER=`admin`@`%` SQL SECURITY DEFINER */
/*!50001 VIEW `x$memory_global_by_current_bytes` AS select 1 AS `event_name`,1 AS `current_count`,1 AS `current_alloc`,1 AS `current_avg_alloc`,1 AS `high_count`,1 AS `high_alloc`,1 AS `high_avg_alloc` */;
/*!50001 SET character_set_client      = @saved_cs_client */;
/*!50001 SET character_set_results     = @saved_cs_results */;
/*!50001 SET collation_connection      = @saved_col_connection */;

--
-- Final view structure for view `x$memory_global_total`
--

/*!50001 DROP VIEW IF EXISTS `x$memory_global_total`*/;
/*!50001 SET @saved_cs_client          = @@character_set_client */;
/*!50001 SET @saved_cs_results         = @@character_set_results */;
/*!50001 SET @saved_col_connection     = @@collation_connection */;
/*!50001 SET character_set_client      = utf8mb4 */;
/*!50001 SET character_set_results     = utf8mb4 */;
/*!50001 SET collation_connection      = utf8_general_ci */;
/*!50001 CREATE ALGORITHM=UNDEFINED */
/*!50013 DEFINER=`admin`@`%` SQL SECURITY DEFINER */
/*!50001 VIEW `x$memory_global_total` AS select 1 AS `total_allocated` */;
/*!50001 SET character_set_client      = @saved_cs_client */;
/*!50001 SET character_set_results     = @saved_cs_results */;
/*!50001 SET collation_connection      = @saved_col_connection */;

--
-- Final view structure for view `x$processlist`
--

/*!50001 DROP VIEW IF EXISTS `x$processlist`*/;
/*!50001 SET @saved_cs_client          = @@character_set_client */;
/*!50001 SET @saved_cs_results         = @@character_set_results */;
/*!50001 SET @saved_col_connection     = @@collation_connection */;
/*!50001 SET character_set_client      = utf8mb4 */;
/*!50001 SET character_set_results     = utf8mb4 */;
/*!50001 SET collation_connection      = utf8_general_ci */;
/*!50001 CREATE ALGORITHM=UNDEFINED */
/*!50013 DEFINER=`admin`@`%` SQL SECURITY DEFINER */
/*!50001 VIEW `x$processlist` AS select 1 AS `thd_id`,1 AS `conn_id`,1 AS `user`,1 AS `db`,1 AS `command`,1 AS `state`,1 AS `time`,1 AS `current_statement`,1 AS `statement_latency`,1 AS `progress`,1 AS `lock_latency`,1 AS `rows_examined`,1 AS `rows_sent`,1 AS `rows_affected`,1 AS `tmp_tables`,1 AS `tmp_disk_tables`,1 AS `full_scan`,1 AS `last_statement`,1 AS `last_statement_latency`,1 AS `current_memory`,1 AS `last_wait`,1 AS `last_wait_latency`,1 AS `source`,1 AS `trx_latency`,1 AS `trx_state`,1 AS `trx_autocommit`,1 AS `pid`,1 AS `program_name` */;
/*!50001 SET character_set_client      = @saved_cs_client */;
/*!50001 SET character_set_results     = @saved_cs_results */;
/*!50001 SET collation_connection      = @saved_col_connection */;

--
-- Final view structure for view `x$ps_digest_95th_percentile_by_avg_us`
--

/*!50001 DROP VIEW IF EXISTS `x$ps_digest_95th_percentile_by_avg_us`*/;
/*!50001 SET @saved_cs_client          = @@character_set_client */;
/*!50001 SET @saved_cs_results         = @@character_set_results */;
/*!50001 SET @saved_col_connection     = @@collation_connection */;
/*!50001 SET character_set_client      = utf8mb4 */;
/*!50001 SET character_set_results     = utf8mb4 */;
/*!50001 SET collation_connection      = utf8_general_ci */;
/*!50001 CREATE ALGORITHM=UNDEFINED */
/*!50013 DEFINER=`admin`@`%` SQL SECURITY DEFINER */
/*!50001 VIEW `x$ps_digest_95th_percentile_by_avg_us` AS select 1 AS `avg_us`,1 AS `percentile` */;
/*!50001 SET character_set_client      = @saved_cs_client */;
/*!50001 SET character_set_results     = @saved_cs_results */;
/*!50001 SET collation_connection      = @saved_col_connection */;

--
-- Final view structure for view `x$ps_digest_avg_latency_distribution`
--

/*!50001 DROP VIEW IF EXISTS `x$ps_digest_avg_latency_distribution`*/;
/*!50001 SET @saved_cs_client          = @@character_set_client */;
/*!50001 SET @saved_cs_results         = @@character_set_results */;
/*!50001 SET @saved_col_connection     = @@collation_connection */;
/*!50001 SET character_set_client      = utf8mb4 */;
/*!50001 SET character_set_results     = utf8mb4 */;
/*!50001 SET collation_connection      = utf8_general_ci */;
/*!50001 CREATE ALGORITHM=UNDEFINED */
/*!50013 DEFINER=`admin`@`%` SQL SECURITY DEFINER */
/*!50001 VIEW `x$ps_digest_avg_latency_distribution` AS select 1 AS `cnt`,1 AS `avg_us` */;
/*!50001 SET character_set_client      = @saved_cs_client */;
/*!50001 SET character_set_results     = @saved_cs_results */;
/*!50001 SET collation_connection      = @saved_col_connection */;

--
-- Final view structure for view `x$ps_schema_table_statistics_io`
--

/*!50001 DROP VIEW IF EXISTS `x$ps_schema_table_statistics_io`*/;
/*!50001 SET @saved_cs_client          = @@character_set_client */;
/*!50001 SET @saved_cs_results         = @@character_set_results */;
/*!50001 SET @saved_col_connection     = @@collation_connection */;
/*!50001 SET character_set_client      = utf8mb4 */;
/*!50001 SET character_set_results     = utf8mb4 */;
/*!50001 SET collation_connection      = utf8_general_ci */;
/*!50001 CREATE ALGORITHM=UNDEFINED */
/*!50013 DEFINER=`admin`@`%` SQL SECURITY DEFINER */
/*!50001 VIEW `x$ps_schema_table_statistics_io` AS select 1 AS `table_schema`,1 AS `table_name`,1 AS `count_read`,1 AS `sum_number_of_bytes_read`,1 AS `sum_timer_read`,1 AS `count_write`,1 AS `sum_number_of_bytes_write`,1 AS `sum_timer_write`,1 AS `count_misc`,1 AS `sum_timer_misc` */;
/*!50001 SET character_set_client      = @saved_cs_client */;
/*!50001 SET character_set_results     = @saved_cs_results */;
/*!50001 SET collation_connection      = @saved_col_connection */;

--
-- Final view structure for view `x$schema_flattened_keys`
--

/*!50001 DROP VIEW IF EXISTS `x$schema_flattened_keys`*/;
/*!50001 SET @saved_cs_client          = @@character_set_client */;
/*!50001 SET @saved_cs_results         = @@character_set_results */;
/*!50001 SET @saved_col_connection     = @@collation_connection */;
/*!50001 SET character_set_client      = utf8mb4 */;
/*!50001 SET character_set_results     = utf8mb4 */;
/*!50001 SET collation_connection      = utf8_general_ci */;
/*!50001 CREATE ALGORITHM=UNDEFINED */
/*!50013 DEFINER=`admin`@`%` SQL SECURITY DEFINER */
/*!50001 VIEW `x$schema_flattened_keys` AS select 1 AS `table_schema`,1 AS `table_name`,1 AS `index_name`,1 AS `non_unique`,1 AS `subpart_exists`,1 AS `index_columns` */;
/*!50001 SET character_set_client      = @saved_cs_client */;
/*!50001 SET character_set_results     = @saved_cs_results */;
/*!50001 SET collation_connection      = @saved_col_connection */;

--
-- Final view structure for view `x$schema_index_statistics`
--

/*!50001 DROP VIEW IF EXISTS `x$schema_index_statistics`*/;
/*!50001 SET @saved_cs_client          = @@character_set_client */;
/*!50001 SET @saved_cs_results         = @@character_set_results */;
/*!50001 SET @saved_col_connection     = @@collation_connection */;
/*!50001 SET character_set_client      = utf8mb4 */;
/*!50001 SET character_set_results     = utf8mb4 */;
/*!50001 SET collation_connection      = utf8_general_ci */;
/*!50001 CREATE ALGORITHM=UNDEFINED */
/*!50013 DEFINER=`admin`@`%` SQL SECURITY DEFINER */
/*!50001 VIEW `x$schema_index_statistics` AS select 1 AS `table_schema`,1 AS `table_name`,1 AS `index_name`,1 AS `rows_selected`,1 AS `select_latency`,1 AS `rows_inserted`,1 AS `insert_latency`,1 AS `rows_updated`,1 AS `update_latency`,1 AS `rows_deleted`,1 AS `delete_latency` */;
/*!50001 SET character_set_client      = @saved_cs_client */;
/*!50001 SET character_set_results     = @saved_cs_results */;
/*!50001 SET collation_connection      = @saved_col_connection */;

--
-- Final view structure for view `x$schema_table_lock_waits`
--

/*!50001 DROP VIEW IF EXISTS `x$schema_table_lock_waits`*/;
/*!50001 SET @saved_cs_client          = @@character_set_client */;
/*!50001 SET @saved_cs_results         = @@character_set_results */;
/*!50001 SET @saved_col_connection     = @@collation_connection */;
/*!50001 SET character_set_client      = utf8mb4 */;
/*!50001 SET character_set_results     = utf8mb4 */;
/*!50001 SET collation_connection      = utf8_general_ci */;
/*!50001 CREATE ALGORITHM=UNDEFINED */
/*!50013 DEFINER=`admin`@`%` SQL SECURITY DEFINER */
/*!50001 VIEW `x$schema_table_lock_waits` AS select 1 AS `object_schema`,1 AS `object_name`,1 AS `waiting_thread_id`,1 AS `waiting_pid`,1 AS `waiting_account`,1 AS `waiting_lock_type`,1 AS `waiting_lock_duration`,1 AS `waiting_query`,1 AS `waiting_query_secs`,1 AS `waiting_query_rows_affected`,1 AS `waiting_query_rows_examined`,1 AS `blocking_thread_id`,1 AS `blocking_pid`,1 AS `blocking_account`,1 AS `blocking_lock_type`,1 AS `blocking_lock_duration`,1 AS `sql_kill_blocking_query`,1 AS `sql_kill_blocking_connection` */;
/*!50001 SET character_set_client      = @saved_cs_client */;
/*!50001 SET character_set_results     = @saved_cs_results */;
/*!50001 SET collation_connection      = @saved_col_connection */;

--
-- Final view structure for view `x$schema_table_statistics`
--

/*!50001 DROP VIEW IF EXISTS `x$schema_table_statistics`*/;
/*!50001 SET @saved_cs_client          = @@character_set_client */;
/*!50001 SET @saved_cs_results         = @@character_set_results */;
/*!50001 SET @saved_col_connection     = @@collation_connection */;
/*!50001 SET character_set_client      = utf8mb4 */;
/*!50001 SET character_set_results     = utf8mb4 */;
/*!50001 SET collation_connection      = utf8_general_ci */;
/*!50001 CREATE ALGORITHM=UNDEFINED */
/*!50013 DEFINER=`admin`@`%` SQL SECURITY DEFINER */
/*!50001 VIEW `x$schema_table_statistics` AS select 1 AS `table_schema`,1 AS `table_name`,1 AS `total_latency`,1 AS `rows_fetched`,1 AS `fetch_latency`,1 AS `rows_inserted`,1 AS `insert_latency`,1 AS `rows_updated`,1 AS `update_latency`,1 AS `rows_deleted`,1 AS `delete_latency`,1 AS `io_read_requests`,1 AS `io_read`,1 AS `io_read_latency`,1 AS `io_write_requests`,1 AS `io_write`,1 AS `io_write_latency`,1 AS `io_misc_requests`,1 AS `io_misc_latency` */;
/*!50001 SET character_set_client      = @saved_cs_client */;
/*!50001 SET character_set_results     = @saved_cs_results */;
/*!50001 SET collation_connection      = @saved_col_connection */;

--
-- Final view structure for view `x$schema_table_statistics_with_buffer`
--

/*!50001 DROP VIEW IF EXISTS `x$schema_table_statistics_with_buffer`*/;
/*!50001 SET @saved_cs_client          = @@character_set_client */;
/*!50001 SET @saved_cs_results         = @@character_set_results */;
/*!50001 SET @saved_col_connection     = @@collation_connection */;
/*!50001 SET character_set_client      = utf8mb4 */;
/*!50001 SET character_set_results     = utf8mb4 */;
/*!50001 SET collation_connection      = utf8_general_ci */;
/*!50001 CREATE ALGORITHM=UNDEFINED */
/*!50013 DEFINER=`admin`@`%` SQL SECURITY DEFINER */
/*!50001 VIEW `x$schema_table_statistics_with_buffer` AS select 1 AS `table_schema`,1 AS `table_name`,1 AS `rows_fetched`,1 AS `fetch_latency`,1 AS `rows_inserted`,1 AS `insert_latency`,1 AS `rows_updated`,1 AS `update_latency`,1 AS `rows_deleted`,1 AS `delete_latency`,1 AS `io_read_requests`,1 AS `io_read`,1 AS `io_read_latency`,1 AS `io_write_requests`,1 AS `io_write`,1 AS `io_write_latency`,1 AS `io_misc_requests`,1 AS `io_misc_latency`,1 AS `innodb_buffer_allocated`,1 AS `innodb_buffer_data`,1 AS `innodb_buffer_free`,1 AS `innodb_buffer_pages`,1 AS `innodb_buffer_pages_hashed`,1 AS `innodb_buffer_pages_old`,1 AS `innodb_buffer_rows_cached` */;
/*!50001 SET character_set_client      = @saved_cs_client */;
/*!50001 SET character_set_results     = @saved_cs_results */;
/*!50001 SET collation_connection      = @saved_col_connection */;

--
-- Final view structure for view `x$schema_tables_with_full_table_scans`
--

/*!50001 DROP VIEW IF EXISTS `x$schema_tables_with_full_table_scans`*/;
/*!50001 SET @saved_cs_client          = @@character_set_client */;
/*!50001 SET @saved_cs_results         = @@character_set_results */;
/*!50001 SET @saved_col_connection     = @@collation_connection */;
/*!50001 SET character_set_client      = utf8mb4 */;
/*!50001 SET character_set_results     = utf8mb4 */;
/*!50001 SET collation_connection      = utf8_general_ci */;
/*!50001 CREATE ALGORITHM=UNDEFINED */
/*!50013 DEFINER=`admin`@`%` SQL SECURITY DEFINER */
/*!50001 VIEW `x$schema_tables_with_full_table_scans` AS select 1 AS `object_schema`,1 AS `object_name`,1 AS `rows_full_scanned`,1 AS `latency` */;
/*!50001 SET character_set_client      = @saved_cs_client */;
/*!50001 SET character_set_results     = @saved_cs_results */;
/*!50001 SET collation_connection      = @saved_col_connection */;

--
-- Final view structure for view `x$session`
--

/*!50001 DROP VIEW IF EXISTS `x$session`*/;
/*!50001 SET @saved_cs_client          = @@character_set_client */;
/*!50001 SET @saved_cs_results         = @@character_set_results */;
/*!50001 SET @saved_col_connection     = @@collation_connection */;
/*!50001 SET character_set_client      = utf8mb4 */;
/*!50001 SET character_set_results     = utf8mb4 */;
/*!50001 SET collation_connection      = utf8_general_ci */;
/*!50001 CREATE ALGORITHM=UNDEFINED */
/*!50013 DEFINER=`admin`@`%` SQL SECURITY DEFINER */
/*!50001 VIEW `x$session` AS select 1 AS `thd_id`,1 AS `conn_id`,1 AS `user`,1 AS `db`,1 AS `command`,1 AS `state`,1 AS `time`,1 AS `current_statement`,1 AS `statement_latency`,1 AS `progress`,1 AS `lock_latency`,1 AS `rows_examined`,1 AS `rows_sent`,1 AS `rows_affected`,1 AS `tmp_tables`,1 AS `tmp_disk_tables`,1 AS `full_scan`,1 AS `last_statement`,1 AS `last_statement_latency`,1 AS `current_memory`,1 AS `last_wait`,1 AS `last_wait_latency`,1 AS `source`,1 AS `trx_latency`,1 AS `trx_state`,1 AS `trx_autocommit`,1 AS `pid`,1 AS `program_name` */;
/*!50001 SET character_set_client      = @saved_cs_client */;
/*!50001 SET character_set_results     = @saved_cs_results */;
/*!50001 SET collation_connection      = @saved_col_connection */;

--
-- Final view structure for view `x$statement_analysis`
--

/*!50001 DROP VIEW IF EXISTS `x$statement_analysis`*/;
/*!50001 SET @saved_cs_client          = @@character_set_client */;
/*!50001 SET @saved_cs_results         = @@character_set_results */;
/*!50001 SET @saved_col_connection     = @@collation_connection */;
/*!50001 SET character_set_client      = utf8mb4 */;
/*!50001 SET character_set_results     = utf8mb4 */;
/*!50001 SET collation_connection      = utf8_general_ci */;
/*!50001 CREATE ALGORITHM=UNDEFINED */
/*!50013 DEFINER=`admin`@`%` SQL SECURITY DEFINER */
/*!50001 VIEW `x$statement_analysis` AS select 1 AS `query`,1 AS `db`,1 AS `full_scan`,1 AS `exec_count`,1 AS `err_count`,1 AS `warn_count`,1 AS `total_latency`,1 AS `max_latency`,1 AS `avg_latency`,1 AS `lock_latency`,1 AS `rows_sent`,1 AS `rows_sent_avg`,1 AS `rows_examined`,1 AS `rows_examined_avg`,1 AS `rows_affected`,1 AS `rows_affected_avg`,1 AS `tmp_tables`,1 AS `tmp_disk_tables`,1 AS `rows_sorted`,1 AS `sort_merge_passes`,1 AS `digest`,1 AS `first_seen`,1 AS `last_seen` */;
/*!50001 SET character_set_client      = @saved_cs_client */;
/*!50001 SET character_set_results     = @saved_cs_results */;
/*!50001 SET collation_connection      = @saved_col_connection */;

--
-- Final view structure for view `x$statements_with_errors_or_warnings`
--

/*!50001 DROP VIEW IF EXISTS `x$statements_with_errors_or_warnings`*/;
/*!50001 SET @saved_cs_client          = @@character_set_client */;
/*!50001 SET @saved_cs_results         = @@character_set_results */;
/*!50001 SET @saved_col_connection     = @@collation_connection */;
/*!50001 SET character_set_client      = utf8mb4 */;
/*!50001 SET character_set_results     = utf8mb4 */;
/*!50001 SET collation_connection      = utf8_general_ci */;
/*!50001 CREATE ALGORITHM=UNDEFINED */
/*!50013 DEFINER=`admin`@`%` SQL SECURITY DEFINER */
/*!50001 VIEW `x$statements_with_errors_or_warnings` AS select 1 AS `query`,1 AS `db`,1 AS `exec_count`,1 AS `errors`,1 AS `error_pct`,1 AS `warnings`,1 AS `warning_pct`,1 AS `first_seen`,1 AS `last_seen`,1 AS `digest` */;
/*!50001 SET character_set_client      = @saved_cs_client */;
/*!50001 SET character_set_results     = @saved_cs_results */;
/*!50001 SET collation_connection      = @saved_col_connection */;

--
-- Final view structure for view `x$statements_with_full_table_scans`
--

/*!50001 DROP VIEW IF EXISTS `x$statements_with_full_table_scans`*/;
/*!50001 SET @saved_cs_client          = @@character_set_client */;
/*!50001 SET @saved_cs_results         = @@character_set_results */;
/*!50001 SET @saved_col_connection     = @@collation_connection */;
/*!50001 SET character_set_client      = utf8mb4 */;
/*!50001 SET character_set_results     = utf8mb4 */;
/*!50001 SET collation_connection      = utf8_general_ci */;
/*!50001 CREATE ALGORITHM=UNDEFINED */
/*!50013 DEFINER=`admin`@`%` SQL SECURITY DEFINER */
/*!50001 VIEW `x$statements_with_full_table_scans` AS select 1 AS `query`,1 AS `db`,1 AS `exec_count`,1 AS `total_latency`,1 AS `no_index_used_count`,1 AS `no_good_index_used_count`,1 AS `no_index_used_pct`,1 AS `rows_sent`,1 AS `rows_examined`,1 AS `rows_sent_avg`,1 AS `rows_examined_avg`,1 AS `first_seen`,1 AS `last_seen`,1 AS `digest` */;
/*!50001 SET character_set_client      = @saved_cs_client */;
/*!50001 SET character_set_results     = @saved_cs_results */;
/*!50001 SET collation_connection      = @saved_col_connection */;

--
-- Final view structure for view `x$statements_with_runtimes_in_95th_percentile`
--

/*!50001 DROP VIEW IF EXISTS `x$statements_with_runtimes_in_95th_percentile`*/;
/*!50001 SET @saved_cs_client          = @@character_set_client */;
/*!50001 SET @saved_cs_results         = @@character_set_results */;
/*!50001 SET @saved_col_connection     = @@collation_connection */;
/*!50001 SET character_set_client      = utf8mb4 */;
/*!50001 SET character_set_results     = utf8mb4 */;
/*!50001 SET collation_connection      = utf8_general_ci */;
/*!50001 CREATE ALGORITHM=UNDEFINED */
/*!50013 DEFINER=`admin`@`%` SQL SECURITY DEFINER */
/*!50001 VIEW `x$statements_with_runtimes_in_95th_percentile` AS select 1 AS `query`,1 AS `db`,1 AS `full_scan`,1 AS `exec_count`,1 AS `err_count`,1 AS `warn_count`,1 AS `total_latency`,1 AS `max_latency`,1 AS `avg_latency`,1 AS `rows_sent`,1 AS `rows_sent_avg`,1 AS `rows_examined`,1 AS `rows_examined_avg`,1 AS `first_seen`,1 AS `last_seen`,1 AS `digest` */;
/*!50001 SET character_set_client      = @saved_cs_client */;
/*!50001 SET character_set_results     = @saved_cs_results */;
/*!50001 SET collation_connection      = @saved_col_connection */;

--
-- Final view structure for view `x$statements_with_sorting`
--

/*!50001 DROP VIEW IF EXISTS `x$statements_with_sorting`*/;
/*!50001 SET @saved_cs_client          = @@character_set_client */;
/*!50001 SET @saved_cs_results         = @@character_set_results */;
/*!50001 SET @saved_col_connection     = @@collation_connection */;
/*!50001 SET character_set_client      = utf8mb4 */;
/*!50001 SET character_set_results     = utf8mb4 */;
/*!50001 SET collation_connection      = utf8_general_ci */;
/*!50001 CREATE ALGORITHM=UNDEFINED */
/*!50013 DEFINER=`admin`@`%` SQL SECURITY DEFINER */
/*!50001 VIEW `x$statements_with_sorting` AS select 1 AS `query`,1 AS `db`,1 AS `exec_count`,1 AS `total_latency`,1 AS `sort_merge_passes`,1 AS `avg_sort_merges`,1 AS `sorts_using_scans`,1 AS `sort_using_range`,1 AS `rows_sorted`,1 AS `avg_rows_sorted`,1 AS `first_seen`,1 AS `last_seen`,1 AS `digest` */;
/*!50001 SET character_set_client      = @saved_cs_client */;
/*!50001 SET character_set_results     = @saved_cs_results */;
/*!50001 SET collation_connection      = @saved_col_connection */;

--
-- Final view structure for view `x$statements_with_temp_tables`
--

/*!50001 DROP VIEW IF EXISTS `x$statements_with_temp_tables`*/;
/*!50001 SET @saved_cs_client          = @@character_set_client */;
/*!50001 SET @saved_cs_results         = @@character_set_results */;
/*!50001 SET @saved_col_connection     = @@collation_connection */;
/*!50001 SET character_set_client      = utf8mb4 */;
/*!50001 SET character_set_results     = utf8mb4 */;
/*!50001 SET collation_connection      = utf8_general_ci */;
/*!50001 CREATE ALGORITHM=UNDEFINED */
/*!50013 DEFINER=`admin`@`%` SQL SECURITY DEFINER */
/*!50001 VIEW `x$statements_with_temp_tables` AS select 1 AS `query`,1 AS `db`,1 AS `exec_count`,1 AS `total_latency`,1 AS `memory_tmp_tables`,1 AS `disk_tmp_tables`,1 AS `avg_tmp_tables_per_query`,1 AS `tmp_tables_to_disk_pct`,1 AS `first_seen`,1 AS `last_seen`,1 AS `digest` */;
/*!50001 SET character_set_client      = @saved_cs_client */;
/*!50001 SET character_set_results     = @saved_cs_results */;
/*!50001 SET collation_connection      = @saved_col_connection */;

--
-- Final view structure for view `x$user_summary`
--

/*!50001 DROP VIEW IF EXISTS `x$user_summary`*/;
/*!50001 SET @saved_cs_client          = @@character_set_client */;
/*!50001 SET @saved_cs_results         = @@character_set_results */;
/*!50001 SET @saved_col_connection     = @@collation_connection */;
/*!50001 SET character_set_client      = utf8mb4 */;
/*!50001 SET character_set_results     = utf8mb4 */;
/*!50001 SET collation_connection      = utf8_general_ci */;
/*!50001 CREATE ALGORITHM=UNDEFINED */
/*!50013 DEFINER=`admin`@`%` SQL SECURITY DEFINER */
/*!50001 VIEW `x$user_summary` AS select 1 AS `user`,1 AS `statements`,1 AS `statement_latency`,1 AS `statement_avg_latency`,1 AS `table_scans`,1 AS `file_ios`,1 AS `file_io_latency`,1 AS `current_connections`,1 AS `total_connections`,1 AS `unique_hosts`,1 AS `current_memory`,1 AS `total_memory_allocated` */;
/*!50001 SET character_set_client      = @saved_cs_client */;
/*!50001 SET character_set_results     = @saved_cs_results */;
/*!50001 SET collation_connection      = @saved_col_connection */;

--
-- Final view structure for view `x$user_summary_by_file_io`
--

/*!50001 DROP VIEW IF EXISTS `x$user_summary_by_file_io`*/;
/*!50001 SET @saved_cs_client          = @@character_set_client */;
/*!50001 SET @saved_cs_results         = @@character_set_results */;
/*!50001 SET @saved_col_connection     = @@collation_connection */;
/*!50001 SET character_set_client      = utf8mb4 */;
/*!50001 SET character_set_results     = utf8mb4 */;
/*!50001 SET collation_connection      = utf8_general_ci */;
/*!50001 CREATE ALGORITHM=UNDEFINED */
/*!50013 DEFINER=`admin`@`%` SQL SECURITY DEFINER */
/*!50001 VIEW `x$user_summary_by_file_io` AS select 1 AS `user`,1 AS `ios`,1 AS `io_latency` */;
/*!50001 SET character_set_client      = @saved_cs_client */;
/*!50001 SET character_set_results     = @saved_cs_results */;
/*!50001 SET collation_connection      = @saved_col_connection */;

--
-- Final view structure for view `x$user_summary_by_file_io_type`
--

/*!50001 DROP VIEW IF EXISTS `x$user_summary_by_file_io_type`*/;
/*!50001 SET @saved_cs_client          = @@character_set_client */;
/*!50001 SET @saved_cs_results         = @@character_set_results */;
/*!50001 SET @saved_col_connection     = @@collation_connection */;
/*!50001 SET character_set_client      = utf8mb4 */;
/*!50001 SET character_set_results     = utf8mb4 */;
/*!50001 SET collation_connection      = utf8_general_ci */;
/*!50001 CREATE ALGORITHM=UNDEFINED */
/*!50013 DEFINER=`admin`@`%` SQL SECURITY DEFINER */
/*!50001 VIEW `x$user_summary_by_file_io_type` AS select 1 AS `user`,1 AS `event_name`,1 AS `total`,1 AS `latency`,1 AS `max_latency` */;
/*!50001 SET character_set_client      = @saved_cs_client */;
/*!50001 SET character_set_results     = @saved_cs_results */;
/*!50001 SET collation_connection      = @saved_col_connection */;

--
-- Final view structure for view `x$user_summary_by_stages`
--

/*!50001 DROP VIEW IF EXISTS `x$user_summary_by_stages`*/;
/*!50001 SET @saved_cs_client          = @@character_set_client */;
/*!50001 SET @saved_cs_results         = @@character_set_results */;
/*!50001 SET @saved_col_connection     = @@collation_connection */;
/*!50001 SET character_set_client      = utf8mb4 */;
/*!50001 SET character_set_results     = utf8mb4 */;
/*!50001 SET collation_connection      = utf8_general_ci */;
/*!50001 CREATE ALGORITHM=UNDEFINED */
/*!50013 DEFINER=`admin`@`%` SQL SECURITY DEFINER */
/*!50001 VIEW `x$user_summary_by_stages` AS select 1 AS `user`,1 AS `event_name`,1 AS `total`,1 AS `total_latency`,1 AS `avg_latency` */;
/*!50001 SET character_set_client      = @saved_cs_client */;
/*!50001 SET character_set_results     = @saved_cs_results */;
/*!50001 SET collation_connection      = @saved_col_connection */;

--
-- Final view structure for view `x$user_summary_by_statement_latency`
--

/*!50001 DROP VIEW IF EXISTS `x$user_summary_by_statement_latency`*/;
/*!50001 SET @saved_cs_client          = @@character_set_client */;
/*!50001 SET @saved_cs_results         = @@character_set_results */;
/*!50001 SET @saved_col_connection     = @@collation_connection */;
/*!50001 SET character_set_client      = utf8mb4 */;
/*!50001 SET character_set_results     = utf8mb4 */;
/*!50001 SET collation_connection      = utf8_general_ci */;
/*!50001 CREATE ALGORITHM=UNDEFINED */
/*!50013 DEFINER=`admin`@`%` SQL SECURITY DEFINER */
/*!50001 VIEW `x$user_summary_by_statement_latency` AS select 1 AS `user`,1 AS `total`,1 AS `total_latency`,1 AS `max_latency`,1 AS `lock_latency`,1 AS `rows_sent`,1 AS `rows_examined`,1 AS `rows_affected`,1 AS `full_scans` */;
/*!50001 SET character_set_client      = @saved_cs_client */;
/*!50001 SET character_set_results     = @saved_cs_results */;
/*!50001 SET collation_connection      = @saved_col_connection */;

--
-- Final view structure for view `x$user_summary_by_statement_type`
--

/*!50001 DROP VIEW IF EXISTS `x$user_summary_by_statement_type`*/;
/*!50001 SET @saved_cs_client          = @@character_set_client */;
/*!50001 SET @saved_cs_results         = @@character_set_results */;
/*!50001 SET @saved_col_connection     = @@collation_connection */;
/*!50001 SET character_set_client      = utf8mb4 */;
/*!50001 SET character_set_results     = utf8mb4 */;
/*!50001 SET collation_connection      = utf8_general_ci */;
/*!50001 CREATE ALGORITHM=UNDEFINED */
/*!50013 DEFINER=`admin`@`%` SQL SECURITY DEFINER */
/*!50001 VIEW `x$user_summary_by_statement_type` AS select 1 AS `user`,1 AS `statement`,1 AS `total`,1 AS `total_latency`,1 AS `max_latency`,1 AS `lock_latency`,1 AS `rows_sent`,1 AS `rows_examined`,1 AS `rows_affected`,1 AS `full_scans` */;
/*!50001 SET character_set_client      = @saved_cs_client */;
/*!50001 SET character_set_results     = @saved_cs_results */;
/*!50001 SET collation_connection      = @saved_col_connection */;

--
-- Final view structure for view `x$wait_classes_global_by_avg_latency`
--

/*!50001 DROP VIEW IF EXISTS `x$wait_classes_global_by_avg_latency`*/;
/*!50001 SET @saved_cs_client          = @@character_set_client */;
/*!50001 SET @saved_cs_results         = @@character_set_results */;
/*!50001 SET @saved_col_connection     = @@collation_connection */;
/*!50001 SET character_set_client      = utf8mb4 */;
/*!50001 SET character_set_results     = utf8mb4 */;
/*!50001 SET collation_connection      = utf8_general_ci */;
/*!50001 CREATE ALGORITHM=UNDEFINED */
/*!50013 DEFINER=`admin`@`%` SQL SECURITY DEFINER */
/*!50001 VIEW `x$wait_classes_global_by_avg_latency` AS select 1 AS `event_class`,1 AS `total`,1 AS `total_latency`,1 AS `min_latency`,1 AS `avg_latency`,1 AS `max_latency` */;
/*!50001 SET character_set_client      = @saved_cs_client */;
/*!50001 SET character_set_results     = @saved_cs_results */;
/*!50001 SET collation_connection      = @saved_col_connection */;

--
-- Final view structure for view `x$wait_classes_global_by_latency`
--

/*!50001 DROP VIEW IF EXISTS `x$wait_classes_global_by_latency`*/;
/*!50001 SET @saved_cs_client          = @@character_set_client */;
/*!50001 SET @saved_cs_results         = @@character_set_results */;
/*!50001 SET @saved_col_connection     = @@collation_connection */;
/*!50001 SET character_set_client      = utf8mb4 */;
/*!50001 SET character_set_results     = utf8mb4 */;
/*!50001 SET collation_connection      = utf8_general_ci */;
/*!50001 CREATE ALGORITHM=UNDEFINED */
/*!50013 DEFINER=`admin`@`%` SQL SECURITY DEFINER */
/*!50001 VIEW `x$wait_classes_global_by_latency` AS select 1 AS `event_class`,1 AS `total`,1 AS `total_latency`,1 AS `min_latency`,1 AS `avg_latency`,1 AS `max_latency` */;
/*!50001 SET character_set_client      = @saved_cs_client */;
/*!50001 SET character_set_results     = @saved_cs_results */;
/*!50001 SET collation_connection      = @saved_col_connection */;

--
-- Final view structure for view `x$waits_by_host_by_latency`
--

/*!50001 DROP VIEW IF EXISTS `x$waits_by_host_by_latency`*/;
/*!50001 SET @saved_cs_client          = @@character_set_client */;
/*!50001 SET @saved_cs_results         = @@character_set_results */;
/*!50001 SET @saved_col_connection     = @@collation_connection */;
/*!50001 SET character_set_client      = utf8mb4 */;
/*!50001 SET character_set_results     = utf8mb4 */;
/*!50001 SET collation_connection      = utf8_general_ci */;
/*!50001 CREATE ALGORITHM=UNDEFINED */
/*!50013 DEFINER=`admin`@`%` SQL SECURITY DEFINER */
/*!50001 VIEW `x$waits_by_host_by_latency` AS select 1 AS `host`,1 AS `event`,1 AS `total`,1 AS `total_latency`,1 AS `avg_latency`,1 AS `max_latency` */;
/*!50001 SET character_set_client      = @saved_cs_client */;
/*!50001 SET character_set_results     = @saved_cs_results */;
/*!50001 SET collation_connection      = @saved_col_connection */;

--
-- Final view structure for view `x$waits_by_user_by_latency`
--

/*!50001 DROP VIEW IF EXISTS `x$waits_by_user_by_latency`*/;
/*!50001 SET @saved_cs_client          = @@character_set_client */;
/*!50001 SET @saved_cs_results         = @@character_set_results */;
/*!50001 SET @saved_col_connection     = @@collation_connection */;
/*!50001 SET character_set_client      = utf8mb4 */;
/*!50001 SET character_set_results     = utf8mb4 */;
/*!50001 SET collation_connection      = utf8_general_ci */;
/*!50001 CREATE ALGORITHM=UNDEFINED */
/*!50013 DEFINER=`admin`@`%` SQL SECURITY DEFINER */
/*!50001 VIEW `x$waits_by_user_by_latency` AS select 1 AS `user`,1 AS `event`,1 AS `total`,1 AS `total_latency`,1 AS `avg_latency`,1 AS `max_latency` */;
/*!50001 SET character_set_client      = @saved_cs_client */;
/*!50001 SET character_set_results     = @saved_cs_results */;
/*!50001 SET collation_connection      = @saved_col_connection */;

--
-- Final view structure for view `x$waits_global_by_latency`
--

/*!50001 DROP VIEW IF EXISTS `x$waits_global_by_latency`*/;
/*!50001 SET @saved_cs_client          = @@character_set_client */;
/*!50001 SET @saved_cs_results         = @@character_set_results */;
/*!50001 SET @saved_col_connection     = @@collation_connection */;
/*!50001 SET character_set_client      = utf8mb4 */;
/*!50001 SET character_set_results     = utf8mb4 */;
/*!50001 SET collation_connection      = utf8_general_ci */;
/*!50001 CREATE ALGORITHM=UNDEFINED */
/*!50013 DEFINER=`admin`@`%` SQL SECURITY DEFINER */
/*!50001 VIEW `x$waits_global_by_latency` AS select 1 AS `events`,1 AS `total`,1 AS `total_latency`,1 AS `avg_latency`,1 AS `max_latency` */;
/*!50001 SET character_set_client      = @saved_cs_client */;
/*!50001 SET character_set_results     = @saved_cs_results */;
/*!50001 SET collation_connection      = @saved_col_connection */;
/*!40103 SET TIME_ZONE=@OLD_TIME_ZONE */;

/*!40101 SET SQL_MODE=@OLD_SQL_MODE */;
/*!40014 SET FOREIGN_KEY_CHECKS=@OLD_FOREIGN_KEY_CHECKS */;
/*!40014 SET UNIQUE_CHECKS=@OLD_UNIQUE_CHECKS */;
/*!40101 SET CHARACTER_SET_CLIENT=@OLD_CHARACTER_SET_CLIENT */;
/*!40101 SET CHARACTER_SET_RESULTS=@OLD_CHARACTER_SET_RESULTS */;
/*!40101 SET COLLATION_CONNECTION=@OLD_COLLATION_CONNECTION */;
/*!40111 SET SQL_NOTES=@OLD_SQL_NOTES */;

-- Dump completed on 2023-11-11  5:59:26
